title,url,source,category,scraped_date
ECB to hike interest rates in June if Middle East conflict escalates into 'forever war': ING,https://www.cnbc.com/video/2026/03/11/ecb-to-hike-interest-rates-in-june-if-middle-east-conflict-escalates.html,CNBC,Markets,2026-03-11 20:33:03
"Treasury yields gain after sticky February inflation reading, oil price increase",https://www.cnbc.com/2026/03/11/us-treasury-yields-investors-await-key-inflation-report-.html,CNBC,Markets,2026-03-11 20:33:03
Tillis maintains blockade on Fed pick Kevin Warsh over Powell probe,https://www.cnbc.com/2026/03/10/fed-kevin-warsh-thom-tillis-trump.html,CNBC,Markets,2026-03-11 20:33:03
"Iran war threatens catastrophic consequences for the oil market, Aramco CEO says",https://www.cnbc.com/2026/03/10/saudi-aramco-2025-earnings-q4-profit-beat-oil-war.html,CNBC,Markets,2026-03-11 20:33:03
"Copper shortage looms as tariff fears, mine disruptions fuel tightness",https://www.cnbc.com/2026/03/10/copper-shortage-tariff-fears-mine-disruptions-prices-tightness.html,CNBC,Markets,2026-03-11 20:33:03
Iran's strategic oil island thrust into the spotlight as Middle East conflict escalates,https://www.cnbc.com/2026/03/09/iran-war-us-israel-conflict-oil-prices-kharg-island.html,CNBC,Markets,2026-03-11 20:33:03
"Indian rupee to inch towards 94 against USD in spite of RBI intervention, says analyst",https://www.cnbc.com/video/2026/03/10/indian-rupee-to-inch-towards-94-level-in-spite-of-rbi-intervention.html,CNBC,Markets,2026-03-11 20:33:03
USD/INR at 95?: Investor sees Iran war weakening rupee and triggering foreign outflows,https://www.cnbc.com/video/2026/03/10/iran-war-could-push-usdinr-to-95-and-trigger-foreign-outflows.html,CNBC,Markets,2026-03-11 20:33:03
"The Week Ahead: March 6, 2026",https://www.cnbc.com/video/2026/03/06/the-week-ahead-march-6-2026.html,CNBC,Markets,2026-03-11 20:33:03
European markets dip as traders monitor Iran war developments,https://www.cnbc.com/2026/03/11/european-markets-stoxx-600-dax-cac-ftse-iran-news-latest.html,CNBC,Markets,2026-03-11 20:33:03
European stocks jump 2% as sliding oil prices buoy sentiment,https://www.cnbc.com/2026/03/10/european-markets-stoxx-600-ftse-dax-cac-iran-war-latest-news.html,CNBC,Markets,2026-03-11 20:33:03
European markets close lower as oil price surges amid Middle East turmoil,https://www.cnbc.com/2026/03/09/european-markets-stoxx-600-ftse-cac-dax-iran-latest.html,CNBC,Markets,2026-03-11 20:33:03
"Stocks making the biggest moves premarket: Oracle, AeroVironment, Nike, CarMax and more",https://www.cnbc.com/2026/03/11/stocks-making-the-biggest-moves-premarket-orcl-avav-nke.html,CNBC,Markets,2026-03-11 20:33:05
Wednesday's stock stories: What’s likely to move the market in the next session,https://www.cnbc.com/2026/03/10/wednesdays-big-stock-stories-whats-likely-to-move-the-market.html,CNBC,Markets,2026-03-11 20:33:05
Jim Cramer lays out a 'simple way' for investors to navigate the volatility,https://www.cnbc.com/2026/03/10/jim-cramer-navigate-iran-war-volatility.html,CNBC,Markets,2026-03-11 20:33:05
"HSBC moves to 'max' overweight stocks, saying peak fear about Iran oil spike has passed",https://www.cnbc.com/2026/03/10/hsbc-moves-to-max-overweight-stocks-saying-peak-fear-about-iran-oil-spike-has-passed.html,CNBC,Markets,2026-03-11 20:33:05
"Stocks making the biggest moves midday: Rivian, Hims & Hers, BioNTech & more",https://www.cnbc.com/2026/03/10/stocks-making-the-biggest-moves-midday-rivn-hims-kss-casy-vrtx.html,CNBC,Markets,2026-03-11 20:33:05
"Stocks making big moves premarket: Kohl's, Casey's General Stores & more",https://www.cnbc.com/2026/03/10/stocks-making-the-biggest-moves-premarket-kss-casy-vrtx.html,CNBC,Markets,2026-03-11 20:33:05
Surging oil prices could wipe out benefits from Trump's 'big beautiful bill',https://www.cnbc.com/2026/03/10/rising-oil-prices-may-wipe-out-effects-of-trumps-big-beautiful-bill.html,CNBC,Markets,2026-03-11 20:33:05
Tuesday's stock stories: What’s likely to move the market in the next session,https://www.cnbc.com/2026/03/09/tuesdays-big-stock-stories-whats-likely-to-move-the-market.html,CNBC,Markets,2026-03-11 20:33:05
Jim Cramer says don't make any sudden stocks moves on Trump-fueled rally,https://www.cnbc.com/2026/03/09/cramer-investors-dont-make-any-sudden-moves-on-the-markets-trump-fueled-rally.html,CNBC,Markets,2026-03-11 20:33:05
Another energy market that may get hit harder than oil by Strait closure,https://www.cnbc.com/2026/03/09/theres-another-energy-market-that-may-get-hit-harder-than-oil-by-strait-of-hormuz-closure.html,CNBC,Markets,2026-03-11 20:33:05
"Stocks making the biggest moves midday: Chevron, Xenon Pharma, Vertiv and more",https://www.cnbc.com/2026/03/09/stocks-making-the-biggest-moves-midday-cvx-hims-xene-vrt-lite-.html,CNBC,Markets,2026-03-11 20:33:05
The $100 oil playbook: How pro investors are investing around this energy shock,https://www.cnbc.com/2026/03/09/the-100-oil-playbook-how-pro-investors-are-investing-around-this-energy-shock.html,CNBC,Markets,2026-03-11 20:33:05
"Gold slips on stronger dollar, higher rate expectations",https://www.cnbc.com/2026/03/09/gold-prices-fall-on-firmer-dollar-dimming-rate-cut-hopes.html,CNBC,Markets,2026-03-11 20:33:06
Dollar gains as U.S.-Israeli war on Iran sends oil prices soaring,https://www.cnbc.com/2026/03/09/dollar-surges-as-middle-east-war-sends-oil-above-110-a-barrel.html,CNBC,Markets,2026-03-11 20:33:06
Oil prices surge 20% as expanding U.S-Israeli war with Iran cuts supplies from Mideast,https://www.cnbc.com/2026/03/09/oil-prices-surge-20percent-as-expanding-us-israeli-war-with-iran-cuts-supplies-from-mideast.html,CNBC,Markets,2026-03-11 20:33:06
Asia markets moderate losses after reported Saudi oil release slightly ease prices,https://www.cnbc.com/2026/03/09/nikkei-225-hang-seng-index-kospi-crude-wti-brent-oil-futures-iran-war-gulf-hormuz.html,CNBC,Markets,2026-03-11 20:33:06
"Gold rises after U.S. payrolls report, but heads for first weekly fall in five",https://www.cnbc.com/2026/03/06/gold-rises-1percent-as-middle-east-conflict-spurs-safe-haven-demand.html,CNBC,Markets,2026-03-11 20:33:06
Dollar set for steepest weekly gain in a year as Iran crisis boosts haven demand,https://www.cnbc.com/2026/03/06/dollar-set-for-steepest-weekly-gain-in-a-year-as-iran-crisis-boosts-haven-bid.html,CNBC,Markets,2026-03-11 20:33:06
"Oil falls as U.S. may intervene in futures market, issues waiver for Russian purchases",https://www.cnbc.com/2026/03/06/oil-falls-as-us-may-intervene-in-futures-market-issues-waiver-for-russian-purchases.html,CNBC,Markets,2026-03-11 20:33:06
Asia markets mostly rise as investors assess Iran conflict impact on energy supplies,https://www.cnbc.com/2026/03/06/asia-markets-live-oil-prices-iran-nikkei-kospi-hang-seng.html,CNBC,Markets,2026-03-11 20:33:06
European stocks close lower as Iran war continues to dominate sentiment,https://www.cnbc.com/2026/03/05/european-markets-stoxx-600-ftse-dax-cac-iran-latest.html,CNBC,Markets,2026-03-11 20:33:06
News,https://finance.yahoo.comhttps://www.yahoo.com/,Yahoo Finance,Finance,2026-03-11 20:33:17
Life,https://finance.yahoo.comhttps://www.yahoo.com/lifestyle/,Yahoo Finance,Finance,2026-03-11 20:33:17
Entertainment,https://finance.yahoo.comhttps://www.yahoo.com/entertainment/,Yahoo Finance,Finance,2026-03-11 20:33:17
Finance,https://finance.yahoo.comhttps://finance.yahoo.com/,Yahoo Finance,Finance,2026-03-11 20:33:17
Sports,https://finance.yahoo.comhttps://sports.yahoo.com/,Yahoo Finance,Finance,2026-03-11 20:33:17
What is your business culture and why is it so important?,https://www.bbc.com/reel/video/p0lvwc8v/what-is-your-business-culture-and-why-is-it-so-important-,BBC,Business,2026-03-11 20:33:19
How to get the money you need to start a business,https://www.bbc.com/reel/video/p0lvw8qw/how-to-get-the-money-you-need-to-start-a-business,BBC,Business,2026-03-11 20:33:19
Why you should start a business and why to start it now,https://www.bbc.com/reel/video/p0lvw2cx/why-you-should-start-a-business-and-why-to-start-it-now,BBC,Business,2026-03-11 20:33:19
"Stock Market Highlights: Investors Lose Rs 6 Lakh Crore As Sensex Falls 1,000 Points",https://news.google.com/read/CBMizAFBVV95cUxNMUhnSFNGSHRaZktxbDd6ZS14ZlVSdmJXaDhnWDlRNUFaTWtFbHNIMnZIalgzcE1Qd0daelc5elRrTkh3RzYwejZ0bzI5MkRKMTRWek56Qk82OHM4VEl2dk11WEhNV085U1RTSDRmRjZlNVBabTIxRVlSNjhuQjZqaUp6dGZPaUNlalRKZVI5MjRQTl9wZWxEa3FIdmllS2VQUHMzN1hiZTJTLTV3M2haS0N0NEc5YXRRNXQ2anlxaDBTcVdOV1FRVGlhNnTSAdQBQVVfeXFMTTd4Z0JzUDdVTlB3ci1fYXNVLWZSckxzbExnQTg2NXp2VThkclUza2JwZkVac2JaLTFuelBCek4weHBtYmo5WnlzSGozQkJObkE0RExaTXhoUGRZMXRCYlBxYTZDVUpuZzREelFaOEJpeDhsQS12bGd4OXJ4bV85SUR6ZGxUWEZOWWZncTVMYjUxSXRUWDNFcTYtQkVJV2xJMGFnOXRIbi0yc0dxTUZvNU5xLWlOY05yMjlCMy1BZkNSaTdOR3Jnc29Ua0NQRlhFbE56Tnk?hl=en-IN&gl=IN&ceid=IN%3Aen,Google News,Finance,2026-03-11 20:33:28
"SENSEX tanks over 950 pts, NIFTY50 below 24,000 in noon deals; IndiGo, Waaree Energies among buzzing stocks",https://news.google.com/read/CBMi7gFBVV95cUxNOVVUTkxrWFE0ak42MTV5Wk9kNVVSbG5tSnktaGY2X1piWjVXNndERlUtQUxXRmp5NkloN1l3bG92czNkLVlaQ1U1aHdpZ05zeFc3cjNjMjMyV05jdzAxalktbFh1ZnZTMnduMkZzRy1tRk4wTDJwUy1ROGVQeUlOLV9vS3FETGhsakhndFQtSmJzV3l6SVhZdUdOYXVPZnp2UnpOS1hrZUlBbXU1cWZEYWsxN180dmgyb1BNY1lNalctSU8wUTNPZkNfVy1OQTgxNEdhRlJiRGswd0o3V0VmdmkxbExDM0pobDh3MWZR?hl=en-IN&gl=IN&ceid=IN%3Aen,Google News,Finance,2026-03-11 20:33:28
"Stock market today (March 11, 2026): Which are the top gainers and losers in Nifty50 and BSE Sensex? Check list",https://news.google.com/read/CBMinAJBVV95cUxPQmxwejNiRVZWV0JocXQzclNqZEdaR09aUEU4QkhOLURNSy1XVlFIVE02alhIb0haVkRPdlB4WDhjcVVDU1dlelFUOGN0dHhDNHhOTmdwb2k3dDlTS3NxREV1WHhxSmtiWlJod0tEV3B1NzZhTHc3ZnZZUXpHWFlMNW5JUnFYOWZPcUVOZlBlVy1Sa1dGbFJWMm1ZQlI4ekxFbGtMNzJJY2I2cVM1TUw1dHYwTkxSOUVpcGNTVmdTbldpTlN1TW9mZ3hWd1J1MVV0NzEyTFFkNS1yZWdGNGMxcUNrZndYLUxqWDByNFpKR0JpSW5PX21YZ0g1YXJVYWZTaUVTVWQ4U2hwemtlMnJOT3RwU1pYTWNhTmhIRw?hl=en-IN&gl=IN&ceid=IN%3Aen,Google News,Finance,2026-03-11 20:33:28
"Sensex, Nifty tumble nearly 2% as crude oil surges amid growing tensions in West Asia",https://news.google.com/read/CBMi3gFBVV95cUxPaXpuZmU5bW83UFFRdjNTY0dBWnZwLVR0N25NUmwtTHVsMzJDbTQtb3dEOVhkUndsOXN4dm02V0xjZ0R5MmhmU0Y2OTROU1JpMUtCSHJyUEUxaU15TzdfSERvckc4RXljQkZGbTJDMXlndnQ4dFlCUmg3c0NnNGF3UU5zT1pNTVduQTF0ZFhrYW5CY3NwZS1RNzBoZ2Zrdk03bThrcTUzS2dQMGxFbHRtLVdEQkc0b19jM1AtX3FDMVRLVURYRS1GNjZGQWd2M0RwT2Y5VjBBODB2cVZRQ2fSAeQBQVVfeXFMUHd6bHZETFRjNi04OUhqWml1UkpxS09Fb2xHMktPVmI3NkFSWENHbU5uemd3RDBwR0pBUW5CN1pod2o4T3I4MDZiLXBmNF8wRWpZUGlGdGF5amtsWDZyckFac2Y0R3l4VFNiMzVyYjN4NE1mSGZyV2pNSDB1bUUzWlBmTjl3cGlZWG1WQmNFRHVXdUtKcVp3aFlrMFhqcXdlRThZUlRBS2ZFSFBHbEFmdXJkOWlSOEV3UmtJeHFXRm04bXFsRzFhNmYzcGpyZUJxVlVHX0Etb3BTaDlkRWF3Mm40RGN2?hl=en-IN&gl=IN&ceid=IN%3Aen,Google News,Finance,2026-03-11 20:33:28
Airlines hike fares as Middle East conflict sends fuel costs soaring,https://news.google.com/read/CBMi9AFBVV95cUxNZlE2WEtxREpXUzVtVW40eDJpZGNTczhpUkdaOXdaVGJ5OVVmOXloNl9mQjh1RlpFTEkxVWlFcXJua3Y1dlJ2S05acXAxNXNYQWVBNUxkTFhjSVc5SVQtT09BSHJyakkzcUYzdTlNdnV2Mmc4VUsyUHBPam9yb0dsSUdWUk9VVUozN1JqbDhXODZUWEJ1LXIzTktySXl2RkU4VEtQT0RwUV9yR3ZTcXhjQ29ub1ZTLUZBTldIYTdqdFViZXVUY0V2Rk5rc3VYd2FjN0VFYkszS3lRR0tqWmd4S18zUUtFVk5DRkhicW5GeS1Hb1g3?hl=en-IN&gl=IN&ceid=IN%3Aen,Google News,Finance,2026-03-11 20:33:28
"Iran-US War Makes Abu Dhabi-Delhi Flight Prices Soar To Rs 70,000 This Week",https://news.google.com/read/CBMisgFBVV95cUxOS09NSDNwdkFsYkR4MkNlbEFMNkdSQjBlTEZvd1BtbkZNWEFSYmFmVVBkUDVTMl9IZ2o4VjMxWUdUX2xBcm5oTU9xdEtBVmd3dnN6ZXdtTG9uV1AxdC0yaHV4RU1oR3E4bXBUaFNMT09OajBPQU5CTXA1X0RmSUpwdWk5aUdUZGNIYkVCTTFlU3o2djJ3VFhjY3p1WW5NMFRVeEhZUGpFMnRUVlE5d3FtaTVR0gG6AUFVX3lxTE9kSzZOOEpHZk0tQmI3YWFTUlhVMGFVTFNiVlRCaWM3TkxBTjB1bUVDUEJVSE54QTJyWjJCaUZxdzFhRlhGZkZQTExFd2F2VlVKM2xLaUluM0NqYzNzSVdXS3luRldZejBYdmt4bE55S0lUcjdBQTNLV2hpczVfbDE3Mk52WVd0WGhLa0E5NmxSS2pGRnlHbHhMcnB2SnFYNEhaMHVIanlRU041aVRqeXM5M1dGQ2ExUmxzdw?hl=en-IN&gl=IN&ceid=IN%3Aen,Google News,Finance,2026-03-11 20:33:28
Air tickets to get costlier as Air India to levy fuel surcharge due to hike in ATF prices,https://news.google.com/read/CBMi3AFBVV95cUxOYkM3R1ExU2ktTEhrcl9oelp6RDhsc2NLdFBDV1hlZUxfRDZDZ29GWktZakJudDhnVllubThSS1NmZHdraFhhTDdIZzdzVndNLUh3MW5VT1lZa2N6OGw0UERrcXVPY3IzYVAzRHhhbmJGQm5JQ1ZBS3IzSDV1RGNZeHNPTlgwYnF0OWpEOW9sd3dWSjNsZl9Odl9nTUg4S0l2c0dkUkt2cnVPQXFJQU5XMzNNekpQd2ljQVFKWEk0cnRUcm8yQnhhbE5uV0U1dHlVSktYT0dmdHAtLTRq0gHjAUFVX3lxTE1yXzdaYk82S0ZsWjZnYjZlYllBUEptNE9hS0JZT2lBMjRrUjU3OW4wR0t3cHRjeEZaeGg5cU8teGcwcWF2RUdUN3lLTDZlbkpHVXhoT1pXNE5LSXpVN0FxQ0p0V1pPVnBTT1Y5eTNUSzJRZVNEcWk5UEF3cDk1X0ROZ2J5XzhZTHljLWVNTXhxenZtaXF1TVBjRjVzazFwTV92Nk9Hb1hHS1owVndPc2JsLUNTMlVXem9xcUs5WDlfSTZtMi1pSU96VVQtSmU5XzFhTEV3S1pyd1FWaF9mQ3dBUTRZ?hl=en-IN&gl=IN&ceid=IN%3Aen,Google News,Finance,2026-03-11 20:33:28
"Iran war toll on domestic airfares: Air India, Air India Express plan fuel surcharge levy on tickets",https://news.google.com/read/CBMi2AFBVV95cUxNV2xlTHp0NWg2dWhJTnNVQ2c2SDYyTERyVlU3NFFKRWd6amFLYWtIR2FzTDF4amFuNVAwUVF1OG5WSGxXaDRmdkxsbW5YUUtDdnlSZUdJR3dfQzhOWEtnU3RaY1ZVbXVJNm1CMk80WnZoVHRJa2o0b3NGZk1yVlhvZVhpNlpUc2tuZzZBVEUzcWNWc2tXLWFaR1BpVlJyYy1VYk01X29vdTN1NG1oelg5NW9SX1c3dG1yQW9RcGROenB3ZU1ReEZfZUlNdmFaWkpKMU5BdFA5QmLSAd4BQVVfeXFMUGZfN1FndVMyZ05tcXhyTzgteHh6RzhxdmlESDZCaW0zQVRrZnhnZ1lnYjUzYjdJc3A1MjlZa2hJY1ZBcW04Z19kMzVENmFnLTVwMDNJLVRFWDE1Yk9Yd1REMGZYNWswdDluUlM1UVJKME10dnMtN2FaNzZwYmVPdVZnS2VrbzB5QlpPVExPVGV4Z1ZJY2xXZGVVRy1SbkRGcG9NWHZ2NEFQeEJrbzFMY0ZvWG83bVR6QlJmSnc5d1k3MEpuWXlueW1aNWRpRk05anUwM1dUc056REpUcmRn?hl=en-IN&gl=IN&ceid=IN%3Aen,Google News,Finance,2026-03-11 20:33:28
India's crude oil supply secure: Centre amid shortage fears due to Strait of Hormuz closure | India News,https://news.google.com/read/CBMi5wFBVV95cUxNNlR0OC1ldks0S2k0a2R4bVJhdE9QZFRKZk40Yl8yc0pTbU5JRjJOQnB5VjNObjRVRGE3LVdHLVNlUFl4NmNNRWMtX21zWTV1MEJudEZWaTZzWC1qNmo5Z3Y2c2Z2aVFKT0ZzbG5YSVJnR1cwZE5zZVM2b2JwUG43NUZIYUF5cGwtU05McG5tVFItdDA3UDE3TDZDS0stc1RjYjNJVjJCYjV3UjZ1Sy04dk56NEZ5RzJXRHQxMEFpTkxib1hhWUpsazdGeEhEbzZRZTdCWTduTFVCZGJjZ3FTWFp6ZWM0dlE?hl=en-IN&gl=IN&ceid=IN%3Aen,Google News,Finance,2026-03-11 20:33:28
"Supply woes, higher oil prices may hit growth, fuel inflation: Economists",https://news.google.com/read/CBMi7AFBVV95cUxPdUppTEVsZTVzYXh4U09YbW40OFdjNnhCZ0dDcHRrMDlnUm1Ibkg2WXQxeVJ5eTFFWkphUU5zVXpKNTJsZ3NDdkhFUGlFRzhObFlHX1g5dnNzbE9mdHI0ZmlwYXZ4cUtueUpYMTdBa0NMZnlxMVVlMlNqeGZQR3RQTXk4ZlZCQldBSEhIU3o4VjBuZGFNMEJwRWM1SE11ZGJRQ1lmRFRQVWFqQXZNakNhMnJqVC1yakZybjRackRSdlptOERDYVVLQi00ZFJ5bThRSHVPS0U5QnlwYWU2QUFnZ0xxTE9ER1NoaEQzYQ?hl=en-IN&gl=IN&ceid=IN%3Aen,Google News,Finance,2026-03-11 20:33:28
"As Gulf crisis lingers, how India’s energy security faces a stress test",https://news.google.com/read/CBMi1wFBVV95cUxQR2ZRY2g2NnpWZVBjcmZ3S1BhZzU4QWdWWjVZUkI3QTFPalRPVmtQWEctQWNMYjMyUUpjVDZaanFPR2FKOXkyLWxlSm1YOVRXS2UtR3lDQktVR3o1dHM0WkhEZldLcml6S3poRkFEb3YtWWJidXhYbUxHMkJuODJRYkdKWEhmbVh2YUtiSmU4WTROZTRlQUk0TlhtWVNaRWJlRlhteFlXOHhtc3J0UnQyRGNvMDZTc0FxNUJEUDlyemFqTkI0ckFrdkU5YWJNeDJmanM0dUNUMA?hl=en-IN&gl=IN&ceid=IN%3Aen,Google News,Finance,2026-03-11 20:33:28
India will not raise petrol prices despite global crude headwinds: Government sources,https://news.google.com/read/CBMi3wFBVV95cUxQem1uNk1fZDNBVWxBOE1NbXRTWUN0M2ZaYjlCTTRkYkhHNU5LZnJTSHo2OGtjMmkweWM1X0I0UGNWbEs0dnhRR2p3OVZNQk9seGhOUGhwWnBjcTdETmJKMUhqdFNsUGNEejdJcWtYT1lnSGkwUHQzTGJYSHFJT0lTU09QNFVmZGxsblZmb2l6eTB1Tk15eTJyeWUwT3RjVmhkSm5tdll6angtSGxJUVplaEw3dnh0TXhYdDhzTUI4dGNRYlIxV2Q1QnpPTjMyN0FnekFYdjB5ZExXNkxnRm0w0gHmAUFVX3lxTE5HNU9NZm1sQ2NIcVgtZkd5NWEtd3RLNGFrTTRJb0tneDloc0J6NEgxMVFQSl9IelREcE1INFBPWmV3ZDhyMHZ5S3FiOUF4MWpCbW1ZeDlraDF3Mm9ldzZVbThkelN5UzNyS1pwcTR0X2s0U1QzeDV4ZVlaVjFhdFJLeFJENEg3ang4aFRpWHJZVWV3XzFzWFJVZWlPclRFZ2ZHMHM3WU1VSDlIRjJKZ0wxQzJmYjFNazM0eFpEbTNobDV5QnNXbTVyQVhkaW0zYW9QUHY2YnFCTlh1WGVDTG1xVFJOSXRB?hl=en-IN&gl=IN&ceid=IN%3Aen,Google News,Finance,2026-03-11 20:33:28
Induction stoves fly off shelves amid LPG supply concerns,https://news.google.com/read/CBMivwFBVV95cUxOdnE1OVBVQ01kWVdpRmtSSzV3Q2M5UzhScmhMU2RnR3l5dDVRblo2UFlEYUdUaFdDVndPOVVvT1FUaDhBaHBTS0hoa0xBaUdHRW56b3lhUndhRW1VMW9nQXJ6NGdaT1QtWmlWNGhqOW55R3ZVeWdLdDdDZlByZ1dyMkhXTlQyNGNhSl9ESExnMGF0V0FwdVVEdTUwbl9ZQVpnbDJrTXlCVC1kUlFVcVh5RGhHU2pBS0UzUk5LcW9EQdIBxgFBVV95cUxQeGdPNFZtbXh3Q0htWmtXOWZCUmJyMHc0MDBFdFJ0X1ZjMVlqYlhaNjlpSWNZUTQwYmNaQWwzYnczdEhkejE3OXFXcDJTSVEyQ2FrMTg2TTVRVFBMSkdDcVBCMnB5bWtZeE5FX1RFYXcxVndIVy1iamJNUTNUbUpXWkFicGN1NFZCQzRraXF0Z2NUZzFaNnQ2Z1pKMWhKUk10VmxTcFZxeldmbUo3ZTJEZ2t6Ym5veloxclFvYWNrSFU2T2R4WlE?hl=en-IN&gl=IN&ceid=IN%3Aen,Google News,Finance,2026-03-11 20:33:28
"What is cheaper to cook with, LPG or induction?",https://news.google.com/read/CBMiqwFBVV95cUxNN2xVN3VOT2tTbEJuSEtONWpmVzFQbHpQZHd5emNPQ1I3X2xjZ3otV0ZFTUZZSXFfUXhPd1RpakVseFRtQWhWZ2M5b3hxRGNPOHZaNkpjckQyWVdGOXpDMTY1SmdhOE5hWkxUcEVnUlNxNHZ6dE0zaU4xcnRDdURjLVB5YndnRmtfaWZvckQwMWhQNEtMOHh5TjdwVFd6SUVQQ3A4aWttcGVnckU?hl=en-IN&gl=IN&ceid=IN%3Aen,Google News,Finance,2026-03-11 20:33:28
Induction cooktops going out of stock across India amid LPG crisis,https://news.google.com/read/CBMi3gFBVV95cUxNb1llYmtMb0FzdFY2cC00SXNKQlkzRml2ZkY4QkRpaHBXNGZDbElSZ3FWSGtPY2tSMXVnWThvRkZjNE9jS3h2R3l6bFJYbHFTN2k1cFZVdWFtMDR6WS0tb3d5bWJNV2dabDBDS1V2bkpEMGFUYWFyMG5ORjloRllCa1pqM1c1ZjdTNzRwUi1FNmtWbWl6N01pSWFGcnBsWkZJLXBqRURZcXQ5eU96SndBU3RGcVJfQ3Z4Znl4ZXIyckJlOUpKcWU5V0c1Qko4bm92TElheWhKZUlMZUQ5U1E?hl=en-IN&gl=IN&ceid=IN%3Aen,Google News,Finance,2026-03-11 20:33:28
"Stove Kraft, TTK Prestige shares rally up to 15% amid gas supply disruption; here is why",https://news.google.com/read/CBMi3AFBVV95cUxPNTR5YklEYUFxbF9ZVmc2ajM1NkNsNG5sdXZYeV9GcEZJb0s5eFJOOGVTN25zVEw4UXJHWG9pbVpUMVBvalhRMDVMZGZuSDB5Ql9IbDJ2Qmsyd0JnWXNtdUplckdoYnd0SDY5Nk50YjlZMDdoVVM5QXBhZHg4emNGTDl5TEJsb1Q3VXdFMXRqbDdiRUhKa3J2OGZ0cTk0aWdhVGNFTzB3cGR0TTFQUU9XZ1R3RFFkQ1pzWEZrbkMxZzREM1lVa0c4Q25VQjZmSGRPSmF4WXJ3ajBlS3NM?hl=en-IN&gl=IN&ceid=IN%3Aen,Google News,Finance,2026-03-11 20:33:28
"After Oil, Gas, Iran's Hormuz Chokehold Raises Fertiliser Red Flag For India",https://news.google.com/read/CBMi2gFBVV95cUxNZTlEcFl1TjBNMmZRcmFyTW5RcUhaQ3pKRDJWZ1FVVHpmQU5TamF5ZnpCSlhQblRkWTVyLWdGN28zXzBncG9VY3k5dUZnNmw2YnJJMTJPR2MyQTRyWHZqS2ExRlNIOHlYQ1dQV0ZhbnEyOUs4Z2EwMmxyTlpzRHVUemJtQW14Y0NoUkx1R25qRzRXVVJRc0RJb3plVmFPcTNJNE55Skx4dnRLQy0zb2Z5VFU0RFFHTE81eXVPdURZU08xOTV0YUt4eV9OdWFEbnZ2MWNqdDgtemJCZw?hl=en-IN&gl=IN&ceid=IN%3Aen,Google News,Finance,2026-03-11 20:33:28
From Crude To Crops: Why Turmoil At Hormuz Could Hit India's Agri Market,https://news.google.com/read/CBMisAFBVV95cUxPd0dIeFV0aFBnVFdjMG5UbUZ5VFE1Z3Z1akNNaVI3djRDTFBiUGdrWWY0QzdkQjlzLWFYZGJSb0xORzBTTlFpX0hvYXBndmlSc2VzMUtwRkpYUkNyNEFIakRsS0drQU15NjVuWVlGTmdVeFV4dXhBRUZfTU01SFRmMmlkY0FvQ1F5ZzZnVkE3X000bmJwTEIzSnJyeERCZlJ2OFBxdGg5STU5dEVoRXBhRdIBuAFBVV95cUxQNDN4OWk4akRJOFZMeUd6UkNtazdHTkhsV0wxb0ZOWTBIV3IxY3hoM1gyaXFZcE5ZTUJxSGV4VE9OcWlUQjZmb2JzdkJHOXY5WFNZQktqeHdkY3RiZmdYanc5U2hSV1A1ak1OZ3pyX0tybm0zMWxwbnhlMG5TajNENW9FZGI1SnRRR0NkeUNRVW1MOTZzc0IzbG5jUWRIYXE0cE5PZVBLZFBYR0J3T0JBZW5iYUc5MmRU?hl=en-IN&gl=IN&ceid=IN%3Aen,Google News,Finance,2026-03-11 20:33:28
War In Iran Is Creating a Fertilizer Crisis Like Never Before,https://news.google.com/read/CBMipAFBVV95cUxPZm92My04XzBBdDRNaVh3d0J4dmo1eV9GUnlzU2lnSjNlNEZkQThrVGhNaEJHQ2VRYzM0VXZNZEwwb3ZncF9UQm40aXhYS2RPaE8ybXBndFFNcEVESmhsUVRwdnpOY3FDa0JpSXlmcUo2dUlXVy02d0Z5dHVuRFBRa09QM0tTUlBfZW9RS19PQWZtcGN2QllBaWR1YUFxZVJfOUh6RA?hl=en-IN&gl=IN&ceid=IN%3Aen,Google News,Finance,2026-03-11 20:33:28
Middle East Tensions Raise Spring Planting Concerns | Market Intel,https://news.google.com/read/CBMiiwFBVV95cUxQU1NIeGFUMzJoZW1LeWhRaW12SmMzY2VRa3o4TXctMzJLLXFHSE5rSng3MGhNdmdTeUlQWVlHWkZSenNDYm1yS2lsZGhqeWtseXNGZXFQWDVSeXNYcm5IYnUyZHJuUEpsUlozTnk2Ny1fTkZQREV2MmRWRC1hMmNQYndjdUhzekpxN3c4?hl=en-IN&gl=IN&ceid=IN%3Aen,Google News,Finance,2026-03-11 20:33:28
Reliance Industries shares trade lower after Trump announces $300 billion US refinery deal with oil giant,https://news.google.com/read/CBMi-gFBVV95cUxQQlhSTWJJYnZtNE91eUV2ODl2YjdIRmctWXFIMTJhV0FZTTBtTzgzZEdYN1hVcy15cGViZEo1V0kwZWZ2ZnRVQllSRXV2VTFsSE82aUpQdkVwR0t4Vk40dVlfN0U1RFZha1hZMkZ4eld5c0pLSFh1MDg0MC1YTHNocTNtWTlUR1BGdXBhUkNPX0VWaDdXRXJxYTUzWVYxR3BJd2ZtVk1KMVJMaHRMZjlBb3ZUXzRHcTBWMmR4czViV2JlblllWTFBUTEtV1MtX0tpcVMyelhFVWpJRTlPaG9WT0daODVyZHlCNDZrdDMxaFI0M3d2ZHFQV1N3?hl=en-IN&gl=IN&ceid=IN%3Aen,Google News,Finance,2026-03-11 20:33:28
Trump announces new US refinery backed by India's Reliance,https://news.google.com/read/CBMimgFBVV95cUxNcWlmYkNFZWR2Um1MRVZScEctd0czdUlzRDg1dVc3cEJqdGxwNHJtQ1dHR181MnB5eWR3VmlnQ2FueHJ6ZzNnd2RVSE10S3JmUzVzb0NGQWptQlRTVDhkbThVd3lHM3hHSkZubGpJU3RheUJYNmRnd3M2dUR6Si1URDNodzV3LThzRjhJaTdBd2JJU01KaFYxTTdB?hl=en-IN&gl=IN&ceid=IN%3Aen,Google News,Finance,2026-03-11 20:33:28
"Behind the Donesh Trumpani deal: Global derring-do, energy economics and family ties",https://news.google.com/read/CBMi6AFBVV95cUxPRzYwWXg1WldfQTRKaGk0eDRKRkhxd3RsLVVtbUVxbDJ1aXVkckN3c0NuNWd0TlFzX1lCdVUtMHh3NHB6STdjMlBkNk16NWVESDFYeG9vLWlxRmhGZHFjOUszZ0RqVHdoQ3hiX0gwdlJ6TVo2TTRuV29XUGtJV1AxRm5TTEwyb1JEanRQUzlFeXhqZkxZMUpzaUszZkljOVgwRlc4bmdzOXM0NFY3SjlRanM5WU5Ua2RhcnRfeGpQc2RPMVplOGw3dS1KNnpYc3F5VXJxb2hUQy04SUhJV1hobFFJZUxQUUhF?hl=en-IN&gl=IN&ceid=IN%3Aen,Google News,Finance,2026-03-11 20:33:28
"Trump announces historic $300 billion oil refinery in Texas, thanks Reliance",https://news.google.com/read/CBMi4wFBVV95cUxPWHkyREFyMmV3dkc2cTVKVWU2SXlFYjBua1B2YUpkTjctTnhOZVhKd0pCXzBnNTladzBQRGF6Q3FpMWJ2MUxMNFpIaDJpaFctd3dwbmppYXdNMGlIQ1MtLWFUcDdlVU5aYktiaHM2TGhHaFpEcTctVEJZTmxMUGRqSG9JWVpPR2ZCRGNYRHduN25SV2otSmhCWjU0aVpoMHp6SGpJbm5NekJPNWhrUVJRbVB6ZGs0bHByanY0aEZZbEtJdXN1azAxZTRfazM4QzJCaGpIMTdpeFplYnpBV0lTeFJwUQ?hl=en-IN&gl=IN&ceid=IN%3Aen,Google News,Finance,2026-03-11 20:33:28
"Two LNG cargoes on their way to country, says govt amid gas shortage fears",https://news.google.com/read/CBMi1AFBVV95cUxNX3JEN0Iwb2ZNcVMtSlh0YTdtM254N1NIU0NHQ1NSMXBBWnZCWHNTdThvLVp1THhXckZCUFNpRkFKbXpVbjJULXdsSE50MlhLaVMzWDFqU3VtSkJEN2R2cFFKTmk2SnpXVlB3UWJaT3JlVmhnWktHZUpmRmRfbDF2RTBtWnpUX3poZlI4cUxaZUJ5Q3VCZWV5Yi1lczhIWU55TnI5a3FyZ243dWhFR1p1R1d3ekJ1TjMwaW5Zajl4TVpkRzNMZmJNNkVJbUdMYy0yTFFiTdIB2gFBVV95cUxQM3RkT24xaFFNVlNvclNxN05YT1Brd0x4NEN3NjNFMkVaRVYwUmVnd1VfY2k2ZWdPMUp6Qk9Cem1qNnNZWWlRRml6dm9saFZRUkliaENjNTJ6cjgwMkkyaE1MaTRvWXRhX0VxV3hMY3k3TGZMcTh5ZmlaSGJWdHNVOE1fOE1kSVh5YVB0SUVISDZuZW1mUFl4S2tHUWNKeEpfdTlDX2dLTU5Hblk5M3JvOGJkdmd5Ymt1Szg5aHRRXzVwVGJiU01Genozd0pWN3RPeVdZYlpfUG95dw?hl=en-IN&gl=IN&ceid=IN%3Aen,Google News,Finance,2026-03-11 20:33:28
"Govt says crude oil supplies secure, LPG distribution prioritised for households",https://news.google.com/read/CBMi-AFBVV95cUxQV3QwVnpiY2NSYWhnaUJhWjJiOVNNYW9MbkE0a0hsWElCVXRsa1dFY3lNMWlpYzIxdVhTSHZxUlFaRkRfY2MxVWNrVGRXcWxLR3h1a0loSlN2RHpJOHJCYVJtWkFrdkx1RkVjNTVnTEJpcjdubXBZemh0TWxKTG1zYXh5aE5RbV9pZGFnR3FCQldCOTZJT2FIQ0lHN05jODAtcGRERmVoR09MRHhxTks1NVNodHU1NVBlWXNUcV9XUnR2MExDdUdlT0RYRDQzZ2h5RHNtdzVJcHRMdldWMlNZNUZfSldzRFp5dmx6dGppb0U1OEtuLTFWbQ?hl=en-IN&gl=IN&ceid=IN%3Aen,Google News,Finance,2026-03-11 20:33:28
"No need for panic, normal delivery cycle of 2.5 days maintained: Oil Ministry on LPG bookings",https://news.google.com/read/CBMi3AFBVV95cUxPRE8ySUdXLURsV0pycEZWR3l4ZFFHLVdxY3pnZ1RjNnpFazJ2OUVISWRVWmZwT0lnMXdkR3hTNHVlOHVhcVNYTkI2TlduX0Q4OWtjRklvMmdXaGJxWm9VMXl4THB0Mm81NmN6Mm0wSTV2Vm8xekxBbkhNMDRzQUxINWhqV3dqbmpBb0pnS0tUT3I2UVZzb0ctRk5kMGhmM3BhYWxyRkJqa09TdFpxM1A1b0hHWl9aek5tcDNwMU9NRFhqN0dTY3QwUDYzTGxLa1JvWm1rVll4WXhIdXZo0gHjAUFVX3lxTE9BWkFnMHlUamZYWXU0bmt6RXJQOU9iXzMxLXdVc0MwSXRlT2tERExkcENCSlh6WEZfZGdBQS12ZUlOYjA3RXkwbjUyWUVNRU5EaEFHdGwwZHN0ZkN3dUN4UG1FSzd4Rm1Lb1JGZ2ZBU2RvbUNhbkpFMmFqbFFhMmV0WjBRTW5PUHh1OTl6Rm0xS29hbVlJcFlCM2ZfVFJBVTNNNDg4Y2I4YjNFWHlsLWZKSk1wc1NLQmxSMHFSaUtmeEtvTVFxdnI4bm5TSjg0c2ZXaTFQbDh6WWowcmdYS3l1WG5F?hl=en-IN&gl=IN&ceid=IN%3Aen,Google News,Finance,2026-03-11 20:33:28
"90% of India's LPG imports travels through Hormuz Strait, but things in control: Govt| India News",https://news.google.com/read/CBMi3AFBVV95cUxPYkNkQ3lEVTFwclRRRUNidk1haDROcFZjV3dXdGZ3cW5Gc3ZRMGY4b0tWSmVSTUxlX2tvd1doQXI4M0p2RDFYMHFyc1pPdVdyai1mYXVqZlloLW1oR1dNbGlza29zdmxQWVhOQVhDNktpNkpHVnZHcEd1dmNvNWtZdVRYOUNNSkdrSF9TRnMwTk0xd0dIeUZaSTJ2bmZpWTh4VXVPLVI5djhVTW5pdXI2R19lOHNpVzRCOVVVdEgwa1BPZHdmVHJpNmZqUTR1TVZheDFIVlM4VVpfUWNC?hl=en-IN&gl=IN&ceid=IN%3Aen,Google News,Finance,2026-03-11 20:33:28
IEA reportedly eyes record oil reserve release; CPI ahead - what’s moving markets,https://news.google.com/read/CBMiygFBVV95cUxOcWtudlVNMzV2VWhINzBEal9WTDhhZ0M5V0ROSjZ5cGc5d18wNko3M0RvM1l2ZjRLOHNtRE1YOVdrX2VlWFZsWEN1WHhpNF9wemo2QjE4VVhvYXVKX0Q1Qm1Xc3ZDTVY5WTJUc2d5UXVsRUtNWmxCRzBpR0RiODlqLVE2LUpuTTBpcFdkMElHTTZBQ0gxVEJHRkhZYm5vRlNwNGVfeUdLNVFoOUZSOHgxeXE2VnlDOHBHbmIwRWxmRjNKa2ZzSnpFNlpn?hl=en-IN&gl=IN&ceid=IN%3Aen,Google News,Finance,2026-03-11 20:33:28
Statement from IEA Executive Director Fatih Birol on energy markets,https://news.google.com/read/CBMimgFBVV95cUxNQ3d3S3BhbzZhWHUwZmtJRGJlS0JzeUh3UmpaWnZodHkteXB0RFhYQkQ0ZERQTXJRejFqUjRxajdEZGFYejZSdEJhdGE2N2tCaFdNRkE3S3NZYWllMjJaM0lyMW9IVFZ4LUhoMEI2VFNFcDM3UzkxVWdfWFZxY0ZxMzd6UmMzM002T0RqV1gtV2ZTbk9vX3BaVzFR?hl=en-IN&gl=IN&ceid=IN%3Aen,Google News,Finance,2026-03-11 20:33:28
IEA agrees to release record 400 million barrels of oil to address Iran war supply disruption,https://news.google.com/read/CBMiiAFBVV95cUxNUDdHZnJjdTNQOTE1MUtlZ0ZvWlYtejZQaDYyR1YxYzc3dWRYaFY2akFoeHhaYWRHTWl5OGVYT3lGdUtGcEFZVi14TGpNNUJmWlJCbVhZbHZmOFFBVWc3VEptTWZsT0NBekpsMTlHdHhzeEZWRHJ2aTFleG1aeDJMdWx2MXB0d25J0gGOAUFVX3lxTE1kaGRtc3BfVUY2YVJZTTJOV3RPUC1vcjFSay1JVTRSSE9JMkJTeVp2Q2xMSG9ZT2hUaE8teW1fUXZ6SUMyNnNCcV9xemxqeWZTQlNtYnV2WnZTSG9PS0ROT0U4WmkyWUNkcHVQdkpCbklaSUMwOVVCNG50QUJxMVNBT0xyOXBIWkNIZGYzQ2c?hl=en-IN&gl=IN&ceid=IN%3Aen,Google News,Finance,2026-03-11 20:33:28
G7 welcomes potential record release of oil reserves as prices surge,https://news.google.com/read/CBMiWkFVX3lxTE9XeW81eUozb0NGMkdwRDJRLS1uSUFORWJuczVCS2lzeEwyZUNYRUphWUdmRVFnZWFqSW5ORjJOblJ1bWgzOVJSQUVkZnFyVmtQZlNuaF84eW54QQ?hl=en-IN&gl=IN&ceid=IN%3Aen,Google News,Finance,2026-03-11 20:33:28
GIFT Nifty down 25 points; here's the trading setup for today's session,https://news.google.com/read/CBMizAFBVV95cUxOelVxNjhTU3I2NXpBbXZsNXBEM1ZRS1FyUm4wUjZMQ2ZNc2JnT3RjVEl0WTNaV0Rua3oxa2puMzdJeF8yc2RlZzIxQl9fZjhHQXp1SVpQYjh4c3AyX1BjM1ZMS2xLREZPX1BNekFHaG5oVnRsempjOXdsbHVkcURGMEExOTRJUzVyQ1FjRXVvMExlUG5RTDNzaXFzR0xDTGxXMWM5VHlWYm1jc3RXbkI3WFFaMHluS1ptN00xVnBaWUpjbG8xTGN1QWU2RU_SAdIBQVVfeXFMTjRlT1JCWUlUTWphMkota2dpN2VRLWp3dzZHOFhJNFBoNjBXSmc4YU9iNURSNmRBUVAzbUczRjRjMm9OWmlIa2dIVFpVeHNHYzNRQ3c3Z0hBTjMxbUc2TEhFVnlyaUxZd0JyNktCcHZYczVwaldYNXprTjdWLXFlVmlFbkRGS1NmcXVzUGcySmlyN0dQbXI1RFFUeWVZbGZjajZQVWo1MFR4OXc0c19lT2EwTlFmeXZVMWNoMWVEbDVOVGZub09FY1VvU21rQ1FsMExB?hl=en-IN&gl=IN&ceid=IN%3Aen,Google News,Finance,2026-03-11 20:33:28
"Dalal Street takes cues from Don, sensex up 640 points",https://news.google.com/read/CBMi1gFBVV95cUxPSmk4aThmT1dvRV9nTHRkMWlQRGZxdXl6YUFkQ2xvODZJOUhEelBGdU9paWhURk9jeVpZOWpXbWJKR0twSVhxOEJFWmtuVHJPTHB5aWdOY0dfSFJEamZUOGxkTDlRRXp5czgyUGdIV0g5aU9IWjZuNzJ5Z1RmNHJuR1RKS3hJaXpPc0phWGZvMzliT0tJZWxGbHJHbnJrdWNSbUZmaS1uN0pzWGNRVlhQQTg3MFpPUjhPd1JGTGhlcHZYMVV5Qm1yaHhRTWhBSVdBeUNkUEVn?hl=en-IN&gl=IN&ceid=IN%3Aen,Google News,Finance,2026-03-11 20:33:28
Stock Market March 11 Updates: Markets decline in early trade,https://news.google.com/read/CBMinwFBVV95cUxNUS1TWDBsZXVlZENjbzJDT0lMZXdQRTlaS3V2cjlRWW1xWFN0dEE3NjdGNnJUYmp4WHZEM0VfM291YkNUZWc3eE5LajNlUElZM2tmZTFic0F2eHdPeENJLW9fdHlpTDFrY3FHTERvbzV6V2hod3ptSTUyLVZleExLTndoOXZJSnF1ZzRHa2RkU05sajNHQnZqUE4zWjlWMkXSAaYBQVVfeXFMT29oMUQxejFzS19MRC1RQzIweG5uTDRjSkxvQi16U2J2dDVLNGMzNmo2d2F1TktKeWI1Q3Y5QjJHSl8tbjAxU3RXYmFyZmlyWlBacEZyNkd3SDZOUjFUQV9ZSFEzclIxN0I1TUdwM0ppdzB3bjRvMmlNb0dyMm1aVzVsQ2MtbThUQXBpRUJpX0hYaFlWQWNZOEF4am9BalUxaG1GQ25OZw?hl=en-IN&gl=IN&ceid=IN%3Aen,Google News,Finance,2026-03-11 20:33:28
"Daily Market Commentary for March 10th 2026 By Siddhartha Khemka - Head of Research, Wealth Management, Motilal Oswal Financial Services Ltd",https://news.google.com/read/CBMilgJBVV95cUxQSS0wMjViV2hYZzBBRTE5ZkRRc09NU0FpQlpWTlVKVnVkMFd1cUxqeHJfOTFwT2pvOWVCNEVHSU1wa0Q1YU01RnVEU2dmM0pmM1V5a3g2VTg5UkU2TnAwalRvMElNWEtIRVZsUW15UGY4SFByZDBnSkZ6Ql85NUZOZzFUZF93eXJmelJCcVJ1N3FIOTRCMTU2TFFJUzJyR0tpZUZnYWppOTMteWMxbXFqdVI3N3JhQkdPemdENTFiMUxsc0NyOV85VG9URGpoSDB6ak1LZlVjdzU2cFdCaVhrSVUzVDBIZkEteW5JWVVtWW1LeWh2UFRuOUh6MnZ6Vl9mcHl3ZnI1Y3hibzFkLWF0SDQ1M2ZMUQ?hl=en-IN&gl=IN&ceid=IN%3Aen,Google News,Finance,2026-03-11 20:33:28
Which countries have seen the highest petrol prices since the Iran war?,https://news.google.com/read/CBMisAFBVV95cUxOWU9NT1dxbkFSakNUSkIwOTZIdm5BR3ZQZ18ydV93cHR1S0ZEdzl5WmNSNHVmOXBMU0tnZzVzZ2laaVd0eTZHU1ZuS0gtMDZ5eUpQREJNVUpJRDN5SHhfa0U0bjlVOVhWeUxtVkRZNnhqYV9sNGhpUDhvWkZhMnhrVm96S0pUVGxtbURDQ1lBaUNySGx4V2g3dldwSFEwUTR4X1B3M1Y4OVdVYk1UeHFaLdIBtgFBVV95cUxOTDVoWnZoRG1iS1dCMzdmMUI0d0JUYlZZdlhpa09hRHo3YjBNamNYMUNHMjhBVmhKSkZNX0M3X1ltWnhoNmRXNzR5ZjFEZ2dsMkxpQmtuRjhtZm9DQkwwOE81dzYyeU5wOEtGVWZfSWZYZGd1M09CeElhNlQ5OUR1aWNKV0Nrd0NZc1lXbm5Za25XSjVpQjAwb21zNUJJY3VwNTctck4wRGhUcEZvQ3BoNUJPVE55Zw?hl=en-IN&gl=IN&ceid=IN%3Aen,Google News,Finance,2026-03-11 20:33:28
Asia’s Fuel Crunch Forces Four-Day Weeks and School Closures,https://news.google.com/read/CBMisAFBVV95cUxNOEF5RXBrazBDM3FNbnV5S3RoaG9ob2FjSDk2dllnYkRIR0ltRjVXc1FCTGd0d0ZKcGJxN2hHLTViOERvQ01OMmtmWHNZMjBmZnJtTHR1ZkZqOWFmYWtpZEFGdFY3eDhEMnVRMlJiODY2MlFCM0d1VlREUEhmWnRfQWN0Ul82MFV2aGlfelZhUUgxUTdLNDFYbUpCVUtUemozajgtZEp2aW9Oc1hVUGpkSw?hl=en-IN&gl=IN&ceid=IN%3Aen,Google News,Finance,2026-03-11 20:33:28
Dow slides as oil prices move higher again amid Iran conflict: Live updates,https://news.google.com/read/CBMid0FVX3lxTE1fNEVGSXNDMFpJZDNEOVQ1TVVGd2pXeWFBRTFHajRxOUQtNmowRlpNRDcycFNmanlrNnQzMEJmYzR3OGlZMzdHajA3ejNOam5fTlFiNk4wMmtSV1FkNkVfM2sybTRvSFJqbmNGcjJJYnNJZUxQY2Nr0gF8QVVfeXFMTzNhMG1Ka09TbUZ5SjJZV1R1amZsTWtJbkp3OGwyOGpFV21vanQ3RUFSUjR4Sjk3eS1INnR1VjdOQm9TR3dtNXoyX1NfWWljMWowQ3pTUW02MWJoT18tRjFGNnpvVU91R2hVaHRCQWVIOUNqT2pyTENiZWFUbg?hl=en-IN&gl=IN&ceid=IN%3Aen,Google News,Finance,2026-03-11 20:33:28
There is no return to normal on oil any time soon,https://news.google.com/read/CBMicEFVX3lxTE9vVHBkOXpWUFNnWkdvU1NtSkJCMHdaVVZhcVQySG9HY09yMWZmMElRLUdWaTVQNE54OW9IZThZd28zbUVNX05rcm82NENBVkhNUU5xLXRzdHh4TF9OYzVVZUcyblZOMElVMTVzc3FvdVg?hl=en-IN&gl=IN&ceid=IN%3Aen,Google News,Finance,2026-03-11 20:33:28
'Swinging into action:' The Saudi Arabian pipeline designed to bypass Hormuz,https://news.google.com/read/CBMirgFBVV95cUxNb3B1WmstaWhoRnZFM2h2MTQ0b0txYXlQYWNfYkpmNm9KUHdiQjZ2d0ozdkM0d0d6c1pFVEktZHB3cmRtdldpdUdtQU5ERVU4NDl6OGNXWTRDYUhsVW1CUklNZEVha1pXR05vMHprNXgwcjFIWTNhc3A4dmtsLU1EN2xqZ2JlLUxRQkR3ZHZ0a2NVbFMxRnJIcUlnN3RSWWJFZkVJOE9MUG5UN0FmZmc?hl=en-IN&gl=IN&ceid=IN%3Aen,Google News,Finance,2026-03-11 20:33:28
US-Iran War: The Critical Role of Gulf Pipelines in Global Oil Supply | Business,https://news.google.com/read/CBMingJBVV95cUxPYTB5aXNhWDc2bnU3MVV6M3RUTUg3dUJpeDhjYkxmV2ZoTUZkUUVpbkZ0b2xvY1hBc2l3elI1TmNQd2RQN3BBT0lObFo4OGNQX3dqaXdBUnc5dFJvcW9YUHcxRXREUExTLS16REFfR0lOSVRxYmI3azZnVk5lbUh3bGQxNEFBUkxkMWM2cm56ZFZURTRycW5WNG5OUm5sMUVtc0hxUXpRbjd3OHRJdndXbGFCRjNQRHZNVGVwa01NZVVZbW84bHNQQkx5bU1Qd1oxaHFfRXdEdzZERkZ0TlpmZDJKaHZvZW9UcVMxMjRGT0VOM19ScFBYMUtoQmR0QTRnWlkzdmplVG9Ma3o3SHZfSFhkYlFNTTFid1QxdUhn?hl=en-IN&gl=IN&ceid=IN%3Aen,Google News,Finance,2026-03-11 20:33:28
Saudi Arabia Starts Oil Output Cuts as Shut Hormuz Fills Storage,https://news.google.com/read/CBMitgFBVV95cUxPN0pWY1pTYkFUZTZmZHN2OHBmNlFwLW1RS0RoVF84YnhFcmxSSUNodXZLMXl6R1RNRjJUb0xzVFh1M1NFLWJIaHVsSFFjdXdxelNDNEFiMlhCWE90dnRpRFcwbVJhdm1fMWRTeWxPbFdkbUNTLUZLekVpYjl5Vm9ZUHE2cFZUdVgtUHU3LVc5MEVjUkpPaTQwYzJLZmJhN0RJUHh0X2JaSWtDOVUtY3RuMEZmQlVHdw?hl=en-IN&gl=IN&ceid=IN%3Aen,Google News,Finance,2026-03-11 20:33:28
Aramco's East-West pipeline to hit full capacity in 'next couple of days:' CEO,https://news.google.com/read/CBMi5wFBVV95cUxOZjlRWmZ3V2dDc0R3OHdSS2REalEyS0FOeG5PSjY5cXg3S3RQWnVBTFk3WjhycU9ENzVXNlBjOU5fOXpSNjBFR2JjOXVEZl92YTIySnoxTFZqbENzM1ZEVTU4eV9WZF85LVBRVjdoU3lTZkMzbHRHN2U5UTd0NkhxN3JHdEoxTFVlcENJMzJkMFFkRksyVi1PWHhRRXNKb3k1ek9WTzRGbWp3dUR4bDdvM045VFpRdEhXdTNodjdEZkdOWkZ1cVpsdGdnZEQ3V3pZYzVlb0w5V25Qb3dPallLTFlVeFZfQ2M?hl=en-IN&gl=IN&ceid=IN%3Aen,Google News,Finance,2026-03-11 20:33:28
Japan to release oil reserves starting March 16 amid Strait of Hormuz chokehold | World News,https://news.google.com/read/CBMi2gFBVV95cUxPNGJHd1FKVzZYZGVrcWxPMnQ3MC1GZXdWSUdFZnM3eE9QeHpsTWxLUWlnT2JpVTE0MHFfRm9vT0dId2NaMzBlVVJQeTZHa0htN19iS0JvNHZRSnFKYi00UllrcjZoUno1NFFWeWlvWXd6bl9hNUV2SFJyeFpvckhlMHNITTlBOWZNNUlHb0NBbUNvTTZtdFdPcElPaW5fZ2pUQlVzMHhXX2VNZ2lhYU5oNm5wNGxKcjBiQy1YSkVZYUJOLUhuelhRWHRGYjdBZlRDSEREZDB1cjZ1QQ?hl=en-IN&gl=IN&ceid=IN%3Aen,Google News,Finance,2026-03-11 20:33:28
Middle East war live: IEA launches record release of oil reserves,https://news.google.com/read/CBMicEFVX3lxTE5WWTZMTmJCX3ZGRm9ySzBlZzFjT1B5WWxlZGJsQVJNMDdpcGxVU0xOMTJpc1p1RDJHSktGaE15X3YzdWkzOUlrX2hoaTE2TlRoQzNLcVNhZWtJczZDVDhOaENJUkhsRHpNMFF3Y05zUXM?hl=en-IN&gl=IN&ceid=IN%3Aen,Google News,Finance,2026-03-11 20:33:28
"Germany, Japan to unblock oil reserves as G-7 stands ‘ready’ to act",https://news.google.com/read/CBMixwFBVV95cUxOQjQ4YVBMT2g2d2VXQWxWZkpYU3k4bkh4TnlLTWNRalRIbEZ4dVlCS0l6NGpnckdyWE1TSDkxSWtXNXNIMFkxekJKYXAzNzBrNmhZVk83VkJmdHpRUE1YNXN6NEZKR0dOUEJjR1ozOWRFbDZ6MDBqc1J2dWtvSENVbDBsQ2c0aGpkSmdUckRmUExIUm9ZX2FINXVwbnkyd3JrVk5iQV9FSW9nNklWUVZGaTZMdkFleTB0YmVjX0pWNkdUVkszSU0w0gHOAUFVX3lxTE92bUNieGVSYkdGOXdGNFBWZkMyLTBtZ1R4ZzN6dXo0QkNhd2x4S1VsSFVsbkVVVnc4NUNoQk1oQ2JXWUU3Tm1tNVJaVmZLV3UtTURnanljSEFyM1BwbWdDTDVDUUVWd2QxeTdNLXphcjUyT1RtN0lzRmUyTjVBMmZHQTVBMzk2bS1jczBuYmtmdnFFcTZsV1hsQW5aSDd3ZGRfeHRuVGVXRFZ1bUYtd3FrTmVWdXJQQjY2Y2dfMkI4Z3lfZzhMTE1FNmlvalJR?hl=en-IN&gl=IN&ceid=IN%3Aen,Google News,Finance,2026-03-11 20:33:28
March 11- Japan To Release Oil Reserves; SC Pushes UCC For Equal Inheritance; PM Modi Assures Help To Stranded Indians In Gulf Countries,https://news.google.com/read/CBMimAJBVV95cUxNdDF5dFBOY1U2WkkxZU1rdXFKMl8tbHF2TXBnTDdQUW1Td3RfMVBnSXlhVnFZaTFFbVRkM0ZiamowME0yU0Vpdkhsem1uRzRHWjhHazZSdHBqenNlUFBMbV9ISThmZFRQSTJFWGRwN0h2TkVwYl81QTRTY2J3MFl2eUZFRGwxR19NdUxpdlUzQUVLMlBoV1o0by1zODJVaGROalBXa25TWUFNVEJOTTRFNjFOazFHZENMV0pFWVYtVllsaU1hSHBxVHR6YTJSTi1GQzEzTHNVeXpjS3ZyMXVvMWVVOEUyN2wybmZ0Mno5YTQwRUhDdlBZd0p4Y0RWdklWOUFnQTJMbUpsSHRaaGdCSUVrOGFHUWFi?hl=en-IN&gl=IN&ceid=IN%3Aen,Google News,Finance,2026-03-11 20:33:28
India's IndiGo airline CEO resigns months after mass cancellation crisis,https://news.google.com/read/CBMiWkFVX3lxTE1GZ21lZVJBcHhCNzZtUl9QQkdJOE9WWlByMTJPRzI1ZE13NExPMXE1TDlYdXZ0ZXZtempyUTFjeXNER0s4R0dIUDhPUUttZ3NkdW9iZHlQTXRMUQ?hl=en-IN&gl=IN&ceid=IN%3Aen,Google News,Finance,2026-03-11 20:33:28
"Before IndiGo, Pieter Elbers Was CEO At Dutch Airline KLM. Why He Left",https://news.google.com/read/CBMiqAFBVV95cUxNVnoxV1dTXzJ2eXVsdE9Xckk1clJ2RkNxcnFfWTdyUnpiZ01QamtkUlZtNEpWcEFlVnExSXJLLWFTOS13aDl3UGRteHZYSEtJR054VXVRMmJreEtRSkVKeGFqMUFrVEU0ZHl3LUlmZ3NybHFhdmtjUkl1Y3RrZ09QTk1ZOFQ1MlY3Yk14M05qa2pJYUUzRkZWcEl4RTB1S3RZSFFTTDRTdHPSAbABQVVfeXFMUHVrMzBHckZJclk4TjlEc0cwaklQbkZhQjdRZG9jd184cVZ6UVpNb0dDSnY0aVNkOExBNi1CbmZ0dXVqWE1IQzJPWEhxeGdSZGkzc1pfOW9NWjZJd2hvVFFPN0FaSXVySjRoSDd1dDlOal9VYVRyS3pQZUc0Z0lzZ2kwdTVuakVNanFEOGdWNGstRThxeDZvSnpwVkd4VEhOSnJtQ1hFTjJ0MTBzNUI0blU?hl=en-IN&gl=IN&ceid=IN%3Aen,Google News,Finance,2026-03-11 20:33:28
"'What happened in Dec should not have, ' says Rahul Bhatia; Indigo CEO Elbers quits",https://news.google.com/read/CBMi9wFBVV95cUxPY1NKeWVuSHdhQ0p6dUstNThWTkVrZmdDT3ZUbFRFdnkzQ19saExGY0ZWTmt2OWM0ODdvTkQ5SExnMmpqOTFsTUktemtTcFVISUpRQWpsMnFTUkI2M0dZeUcyTTNQeGtPaVkyenNDVlA1UG54MWtZbGZPdmp6Y1paTk9YMHRiYy1rdWN5WFZrUVFFTjNOcy1mdmpvRFF3RVpvcHE4eUhkSDJxM0xNU0xUNUxmVGFKNVF4dU9wSmtVV2dzUmc1U0dOTEc0dC1lVUpQVjNxM0FLT2kxNWdjN0NoLUhDcWloMVAwdThTZW1xN3FWU2w5MXc4?hl=en-IN&gl=IN&ceid=IN%3Aen,Google News,Finance,2026-03-11 20:33:28
Why may IndiGo's parent InterGlobe Aviation shares have a gap-down opening on Wednesday? Explained,https://news.google.com/read/CBMiggJBVV95cUxOcktYU1lrZHB5NGdST2FQUFB4ZWNJREplQjhOeWJzNVZKOThqdlhLRVVnLVdNQ3NhYXRpRElXbW1pWEc0cGE5dmdDWG5YZmJIb2lpaHlnOUJ5STQyQ3VETktlRDY2TV9jY19UVHU5NnFhWWJOWnpoUndtOGwyTldGT1VIdFUwVTVIZHhMUGp0VnlWa05acWgtQVBOcTc4WFI5dUdneVNLOXNjNlZRSXJpUzB5eTlXQ0czR2JpYTlFU2NIUkZWSVNQdmVSNjFYNENoejdqSUNqcHNTNjVydnI2NGt6MDVTbHBqR25sSlZnTEl4bWpMME5pRTRMdEZzdzVuV2c?hl=en-IN&gl=IN&ceid=IN%3Aen,Google News,Finance,2026-03-11 20:33:28
Big update in IDFC First Bank Rs 645 crore fraud case,https://news.google.com/read/CBMinwFBVV95cUxPcm1WcklmWENvY1BZdDZ0MFZ1c2hOWnFNcDVjYi1fdzZTMmFjUWx5cVdKRnNZUHFZS216VFZMZHJlT01yaEJZMTlGMW1xSWZzb3RyekUwZmlqRmxoSVVUcG1TeWJOVVdzYUZVVi03WE13dl9DTEhXWlE1c3JoRXJEcF9EQ0Y4Y1U0MF9ZZWpwRUFIbmNURlZhMHVYOUdoWGc?hl=en-IN&gl=IN&ceid=IN%3Aen,Google News,Finance,2026-03-11 20:33:28
"ED searches 19 locations in Haryana, Chandigarh in ₹590 crore IDFC First bank ‘fraud’ case",https://news.google.com/read/CBMi3gFBVV95cUxNcHFBMHlTbkc4cVhkNW9RY0RHSUE0T0hFQkJBRURuWkhORGt0SHc4R2dWR18tUEZSOFhtd0xNZjI2Tzd0OFc4N1Zvc3BNblVabkZmQ3JWcE5DWVVhSlF4V2dQZXppS20telRFTkRRcHAtYlFhNUZJSDJCODZjS3M2cnpQS2txUWlhMXJoR09Ib0RWZ3RXaEduWXI3TDh2eHJQd1pCOTdqajM1Zy10WGNVbkdBeXVpTWE3bzU0UE5QdUl0T3hLanhYVXFsVjczVkY3Nm13a3F4X1VkVTYwZGfSAeQBQVVfeXFMTlJkamQxTF8ydWl2NE1qMlNGTzdUeXF1QTV0Z3diSndRNmd1clVfZGtVT3pVeU9WY3RIQ183OXJ2aGwzQmR1ZzZtb3RwS2Y1YmNESFlyZ1c5M1B3TzFDWV9CNTF5YTduSFBQQTFWRkJFMmFyc01NSG9JTDI2SGVQUy1pQ2xJX2o3RklEdVhHejdrUkwteWFRQUEwNGUwbURYOTZxazFHRVVZVUlMdTBJOWFYdDd2NHNoRlh1QlVobkJEcWdDOXdJME50enJSLUNOY0I1eXg4TTdPRDRuNE1wd2EtWDUy?hl=en-IN&gl=IN&ceid=IN%3Aen,Google News,Finance,2026-03-11 20:33:28
IDFC First Bank paid Rs 645-cr towards Chandigarh fraud claims,https://news.google.com/read/CBMi4gFBVV95cUxNNXNNV3ozQW12cUxSUGNhTkZyVFR2NWF4TWlreUVvQmxISmxXUmpiRTlCQlVBRW9BaEl6LUpzWEVyOFRQRW12XzJfT2RqU2hwN3R1dFRfMGVDQkZ1WkpDZVh1dFZKOWs3cjZnRXZTUno2ZDByRnR1c2phNWQ4UGJCZUdESDJmaUJnQzVyZkpjZ3lPeUVyYTJQVE4xZ1R4bVNXMFA3bV9VMlNUMEFNWE9FVmlWa0lUQlpNOGg3WE1uUjMtS0RiUHFsdnd2Q01tTW9xdWVlQ3NHNXQ0SEQ3czFDYVp3?hl=en-IN&gl=IN&ceid=IN%3Aen,Google News,Finance,2026-03-11 20:33:28
Cheques & balances: IDFC First brings in extra layer of security,https://news.google.com/read/CBMi4gFBVV95cUxPQ1VBaENnd3ZJTUczUmE5cUMzR1M0ZFNBYmlHUFUxV1VkU3ZvZC1zVU1BR3ZPc3UwYm5vUXFIR0MtQXlodEFYcTliTGdJMmpSS3FkQ2RSS0RaSmNLcHcwSWZUM2ltMnNxVDZyWWZXa1VUYWM2STd6VlBJWHJoQ282WW8yOW1GQzBndm15d3F0SjBfOTNqWlRYRFZzcHAwazJ3aDlNeFllb2dsc3RmY05HX2l1ZDlnVjM2QXZrTFpTOFA5cldyYjFmX3hPNWZqZE5kV2xsMzNDREJLai1tNXlHUm9n?hl=en-IN&gl=IN&ceid=IN%3Aen,Google News,Finance,2026-03-11 20:33:28
Introduction of temporary Emergency Bunker Surcharge (EBS),https://news.google.com/read/CBMijgFBVV95cUxPblJ6a253djEzUnJJeDBnQjZBMk9LbUp3amNLa3JmRWx0a19memZvcGo0Z01XUjRaZ0IwWV9uZ3hHMWpwei10RlIzb0VzQmpnd2RwQkNSclVnM2xvTDZHbXhEM2R1T0ljY2g4Z0x5dFNsTzQ4aTlRX1Z5bDFNNGRjX3Q0SUpZd2wtVDVYU05n?hl=en-IN&gl=IN&ceid=IN%3Aen,Google News,Finance,2026-03-11 20:33:28
"Iran war cost will be passed to consumers, shipping giant boss tells BBC",https://news.google.com/read/CBMiWkFVX3lxTE5kZWUxX1NsWHNaOFpaYnZveFdKWUdTXzVJbkVjRWdwVmNja1U5SDJSdG1Hb0hnaF9FVUlNMG1KUzItU0lVZFZrNXpIb0l2ZkJPX2k4UlpQbjBJQQ?hl=en-IN&gl=IN&ceid=IN%3Aen,Google News,Finance,2026-03-11 20:33:28
Implementation of Emergency Fuel Surcharge (EFS),https://news.google.com/read/CBMitgFBVV95cUxNUGdGcjl2V1NBRy1YVkdUaWZBWFpseHU4UjBlbm9RY2EwTjFDUEtYNUlZemdVdWgtMUM4RnctQ2dmR3k3QXFpbmVJUHFzb3Zya0tGUDl1X2dPbVZaamFMbDI0WjRIbElaOUtsLXk3ejBNRkJYaWJySWZIOW1tQ1doQU5YSlUzZnZWZEtjc1F3U0hRM0QzRTJwS2QyU0NyWmFPMDZrWUhrQk1IUk9KUWNsWkxTSU5IUQ?hl=en-IN&gl=IN&ceid=IN%3Aen,Google News,Finance,2026-03-11 20:33:28
Global shipping player Maersk to levy emergency bunker surcharge amid West Asia crisis,https://news.google.com/read/CBMi2gFBVV95cUxPZHp2Uk5Jd1VxYUwxdG1aVVNDRzJHUHJMcU11bHNWTk9uNGZGZmVYdHNzRXlCZnlBSWVfNEVxUTNCN2c0M2J5Q3lBanp1Sk9OVmxvQmNWZF84VHJlOFB0cmo1X2lod3JJWWdWbXJ1Z3RrOU9oRzcweE8tQ1VncE1HaWhhamVnQ2VpbFlkb1FYZU80bnN6Tm5mY091SEtxODRaajBISk1lczgxcTNIbHhtcnN4R28ybTlTWk52N0dONWdrRVpNV05yWG1WeldtRWhIZUg4RzhXc1pIZw?hl=en-IN&gl=IN&ceid=IN%3Aen,Google News,Finance,2026-03-11 20:33:28
"Exclusive: Shell declares force majeure to clients who buy Qatari LNG, sources say",https://news.google.com/read/CBMiygFBVV95cUxOWDl1ZGdFdWJNZnMwRXktN1ZJUUxlSDlvNUJrQ0VfN0FsN3NGNHROYktZeFZmZUE2amViM0xnMzdYNXRabzdKRWw2Qks1akdrdExiVFRvanR1dDlMTzBlUXVUaFAxRHdROExhdy1vT1FWN3BfVV90bS1rZk5FUXc3RmVhRWtJeF9GWXBLOTBFRnItbTNqTEpENEpDcTZHN1pNYmIxRllnSWs1N3F3WWRBbmNIaVdNZkxTbFlDNTNsQ1JycXlZNEVRdkxn?hl=en-IN&gl=IN&ceid=IN%3Aen,Google News,Finance,2026-03-11 20:33:28
How the US-Iran war is quietly squeezing India’s gas supply,https://news.google.com/read/CBMi2wFBVV95cUxQV2lvbi1HTHpFckE4NjNfa3VkQ1VURU4tQ1RJZ0lFMDE5R3N2bzMzc0lsVEh5cW5yeEdxUi13Y1N3dXJXTHJTalJQLWNDNDl3TGNubl9pTzJ5ZWtSUXhRZ2Z5ODdyeVRhV1RUWklISmVjSE92NVoyME5QamRpR2RmZDkxOUktbUZQcENiek9nNGlzSkEyNzRITkN4dmR1RWVhYUdkXzE4TThBY3dZWFlGX2ExbzFGc3VUNEdsaHFEQXpIT0kwbmtiZzBNQmxncDhPc281TFEwXzJOck0?hl=en-IN&gl=IN&ceid=IN%3Aen,Google News,Finance,2026-03-11 20:33:28
Asian Buyers Struggle to Find March LNG as Supply Remains Tight,https://news.google.com/read/CBMitAFBVV95cUxOY2V0WktrV0JKMzlsdW9qMkNhcTMxT3picnRsU3lZSzlCaldSS2o4YVBIMnRTOGwxd2FUaUdzSjB4dHpGdGpicXFLWmJnVFVOTE1TRDZkZVh3VW1mdkQwXzdVOG51dnphNkpCQWs5czhQcTVzUlVJVWN4dXp6ZzI0QmZIRlA5Q2pSUGxpTXd0dkkwcVluUDV5UnppYnNZbmdrU1hLVURNN2hydmNwTXdKUHVDejI?hl=en-IN&gl=IN&ceid=IN%3Aen,Google News,Finance,2026-03-11 20:33:28
Qatar warns war will force Gulf to stop energy exports ‘within days’,https://news.google.com/read/CBMicEFVX3lxTE53TDRscmQyd3FRZDlra1YtTmExY3o3TGNHSFp6WlQ5YnB6UGxndkdxUDAydGFEVWZ3ZHVnT3RNdjMyenVhaThUYVlwQlFZbFl4TTdldkoxT2tFRUF2TnhhMTNXenVBVlZlWXE1Y25MdnY?hl=en-IN&gl=IN&ceid=IN%3Aen,Google News,Finance,2026-03-11 20:33:28
"US stock market: Dow, S&P 500 futures fall as Iran war keeps investors cautious",https://news.google.com/read/CBMi4wFBVV95cUxNQ0lXaTN4eHYyeldJWDRoRm9lM3U5bUNwTnZ6OXpVMmdRb1RrY2lwX1J0MldYV1U4TWhtNERKYlF1bHh2QVJsNzEydTdiZm9tcWdiTVc1TXBiWHZodTZkWVd6b1hKZkpKaTZDR1lZN2YxaHZ5ZXQ3VUhib3BoV3VsVWJTa1ZSeVExbG1JV0JuWE1FZ3NYSjJGc1lOQzdqd0NGVmREeUh2Snk4OGsybEtwQXUtZF9KdmFSTVF1R2drSzdMNFJtZnQtQ3drY3g2SXlWdnc4em8xSzAzMWN2c0tIQzhHRdIB6AFBVV95cUxQcGpQdTRxTUxNRkV4em52RHRmMHpPSHdIV0VIeWw2azBNTmFEMHplVTNjU3RHRjBURFloWVM2VThwQWQ2UDVkb01xb0NmY1l0ai1OdHJ0RnZpOV9kYnRSQlcxcXlCd2VHcVJvQlYtZnh3VWJDbkY0bFZKNWJFRGRHNlQ1YkRtY3lJVGgwOHJCU2VyellTeVMyMnc5bGlSLVZUMS1wVjJPbS1nNkxTamxIRnlkWUJMUVpjMzhhRlVtWnBaOWlCblVpeDZaVy1uU1JCSGN0MDVweTZMQkJaOXRLVUZmMkg4eDhC?hl=en-IN&gl=IN&ceid=IN%3Aen,Google News,Finance,2026-03-11 20:33:28
Deleted Tweet From Energy Secretary Sends Oil Markets on Another Wild Ride,https://news.google.com/read/CBMiugFBVV95cUxQU3RDWDV3ZHhTNmdFQ2locU1fT1NnSEJzb3VLRGlRTlBiN0JlRzFYb1JnQjY1Zl8zMVRHSnJxQ2dFR3JSd3hyNFZXUWlTa3VmYUNYSll5bE9wNFZoVG5DR04ydE1IQWhTV1JaNmF2N2Zsa3ZvZXRCUkw5bkFZUkxkcWFFZGIwUWM5WUJ5SnpnSlRkOGxNOHRQTkFza2lvZ3pKYTBsVVdlcDZtNncteWlobHZRSHFCNUlCSlE?hl=en-IN&gl=IN&ceid=IN%3Aen,Google News,Finance,2026-03-11 20:33:28
Oil prices swing wildly amid mixed messages over Iran war,https://news.google.com/read/CBMiowFBVV95cUxPaDVGdkxsVS1pdGtyR0NJR0VjNzgzY1NvUjZSUmd6Vkt5MmszVG9QdDFvb3NTZ00yTVR2dDJtc1JxbGZSWG1DYkNTS2RlX3EzbjZhTnUtTXZsTEtHSVhlSDItYlF3MS10OUZWMTlVd2otOXNlR1lXQTh3NWxPTjh6bTBFLVN6bUxRV3Z4bGJ0MVQ4T1AxTjYxeE81dzJwRzlGd25n0gGoAUFVX3lxTFBFNGpwelMwRTZaRHFFSmVhN2QwS0NnLS0yTzVHSXBsOE0yMTdrSkdQN3Q4UEU3dW1yM1JvelF3SkJMQ2E0VFZqdzJmTHVYal9BVGZ5bjNzMEFOb1lOTGdVeTQ3MVBXZ1h1RjdQZ3MzZVVZM1VtaW5xM0dKR0VGdHJWc1Fkd0JKNXRsTnRXc3dSS1dnNWloVFEtRFR6Z2lWNGF0VkVUbmJaVg?hl=en-IN&gl=IN&ceid=IN%3Aen,Google News,Finance,2026-03-11 20:33:28
CNBC Daily Open: Traders on edge despite reserve hopes,https://news.google.com/read/CBMilAFBVV95cUxQS2FuZGN4SlpodGZWMzhvM3hoT2RUbDRpd211bHgxNFJTb1dHOU4xTjFxZWF6UHQ3MUd5WkRLRFFIVVE0SUtTaUNxVnZ3NVFVaGsxVlRGcWN3WnA3bzlzSW50ekk4RFlnUWJEcDlkUzNEcUhqOEpfYnYxajZ5YURyVjU4d29ydWZqOWN0bE1HUHN6WTM40gGaAUFVX3lxTE15OGRVaHhRRkZRTGhyYmM0SmdEMkpMeWtMXzV4TEVVelM0WVFiLU5WenFBQmQ1Q0p3WENWdGZKNDlIZVVhNzlRWmc3cTdvVTF3LXk3SnVENHE4bGI2dDQzTmhhelczYTB5ODlLV1h5bkdHb0pIczQwdkRZbEhJTWNVRk1Qb2NVNmt3enN6VmtUVEUyQWw0c1hyS0E?hl=en-IN&gl=IN&ceid=IN%3Aen,Google News,Finance,2026-03-11 20:33:28
"As oil surged, another commodity quietly caught fire in Iran war",https://news.google.com/read/CBMiwwJBVV95cUxNSFB5S1BZMFE1RGM1YXl0VlFCX2tGbzNWN2d4NE5TNHdGMkM3Zl80M1N3c1YtUmVQOG1CYkhuNjdmMk9vTE85a0VGakJEbHM0X0NyTTRuLURkb0hUdjUzNVUybC1GX3FSb19XZ3lQTDFzVDRfc2ZyQ2QtbzZtTUdJTlZFY25wUFMzemh1Vm1GS2RvSV9OYXhSS3N4RUVYZ3RTNFhqejVkeTZEVExva0dMelZHTllaNjNmLU04ZzNzSWVtalppRnpTdEhhNTdKWjNzeXJjUFRTWFBUc0xtdndmWjBtbUZuWXJIMjFzVHR5R3hIc05oLTdKN0xycHU0aVlKOUxBb2YxaVR5NGxOU1FNellHaW9sTTBlT19WQTVuUWZpck9HTE5rUDFjbzFMUmlFYS1XN09haXhIT0VVazBZeUY0TQ?hl=en-IN&gl=IN&ceid=IN%3Aen,Google News,Finance,2026-03-11 20:33:28
"Aluminium prices surge amid Iran war, but Indian producers face long-term challenges",https://news.google.com/read/CBMi0AFBVV95cUxPN0FvVU9LMUU1UzJ2SUl2aFk4OHlmb3ZVdjFaMmNWU1JDU1VheDNadktETmk0VG0xOUdrZjdydmVuZUV6b3lFcFhmZDlvejkxOWtZRDhzamNlU2VkQVJ3ZzBvZW4tN3UwOGxYRHJOMExHNGxkZmhWOXdSMVRrVUFTc3JKalhZSTVnb1FvVGJIaHhEQXl4RzByaGJpOTVycHcwQkgzRXcxaGhYYzdDYnBkR2lqNk9TX1lPZU9GbXltek4zeVpMM0VZbjZjYzktMXpH0gHWAUFVX3lxTE5pc2cwOElBZkdwRnFLa0ZmNWVTQTlLdHVaSGk3emVWdkZ0cHZRWV9nbkhrSFMzUUtsSWt1VzB5MFRBOGo5TU1hRVhzOEQyRzQ4bm41TThFaFFrdFdveTd5YUktQ3lJTGVJZ0VVWjZEUEhNOXlsejlWT0J2MVRSTjhlal9jMG1zTEg5Z3VwcE5xdFZzWlpyWDB4d1I5cUdCYXFFRkFPV0xLZ3dkZWNqQmo5U3hxbVVUclFqc24wM1NYNjRRRGRSeVVVc1V3Z3pQemZZVWJndEE?hl=en-IN&gl=IN&ceid=IN%3Aen,Google News,Finance,2026-03-11 20:33:28
BUY ALUMINIUM MAR @ 339 SL 336 TGT 342-345. MCX - Kedia Advisory,https://news.google.com/read/CBMirwFBVV95cUxNQWJvSl8wQjh6WlZ1blhLZjlILTVUVjhPS1QzbndtVDhHZ1M4VWx2eUI3UUg5d1hYbGM1MFlVU0FISkN0MUtpeFRZb0stVkhJZG1rZ3I1aURlMVBPeGFYNVZBRWFmMHpBU3ZSdnV6Sk5OaGRjZ0h6N2JTaWZnVlROemMwZkExY09ZNHFDY25RZmlxaWxNYUdzeFNMS2ZTekNYbVFXOG5mUnBMY0R1c1dF?hl=en-IN&gl=IN&ceid=IN%3Aen,Google News,Finance,2026-03-11 20:33:28
Traders raid LME aluminum stockpiles as shortages loom,https://news.google.com/read/CBMipAFBVV95cUxPcUN6YjBmRTNRSzZtUExES3VQNkk3dnBVdnNUT0xxWjZFeFhrLVNnQVc1eWI1MXFWNEdVaHc0eXpmUjJ0MDdLNGNjaFVqS1RlTThXTWZId1JELVJoRkhyRWZ4Ml9pNGF4eFlhanF6VnhaLXAzOXI0UWN4eXFVaHp1ZThtdlp6am1zSTgtRDU2SFNtcGxub3NmeThzM29DWVBRaWlLZg?hl=en-IN&gl=IN&ceid=IN%3Aen,Google News,Finance,2026-03-11 20:33:28
"Hyderabad Gold Prices Rise Again As Iran War Escalates, Check The Latest 24K, 22K Rates",https://news.google.com/read/CBMi-AFBVV95cUxNZGFnMzI3RkxNSjNXa09oNk5LaFhjTXA4R1BzUXNJQnlSMExSVDRkbnJNLXB6d09GQ043TE5JbmQ3Mjdlb1pfcFY0NGdFdk9lOFY2cWE0ek11LURkVWUtb1NoaEJ3dUlTdk5Ga3NzSEdIWjJTcG85TTI0V3RRbXI3Y2tzcENkR3NPRlI3QnBvT3c2bnVhQ3pfelVMQmIxbG1sT3hMejFpZGRIMzNULUZBaGdVQllEd2VoelJSTnZmN0pkWmxQanBvV1FUd1lCdW9qWE9NYWZ2VFJObG5wN2hVRk1talBGVzhmU1U2VFg3dnZiY3JjZjBkRdIB_gFBVV95cUxPMk5ic1FEOFhxSmpDUU9UaWItU3pkQ3FkZ0VOVGctZnhfQXM1d2R3aU04OTE2VnJweHJPVjZYOUQ0Yzh6MjBYS2Fmc3dhcktwcy1IRm5va09DQlBpeDZkN19BTjlpR1hnVVZhRE9VSFZWOHJWVkw4Vk5GLUNGY0pYRmZNRFFlajhCaWJhd1preTJLNnlsU3lYQjNueW9aeGN2cmdjaTE1cUQxcXRkX1N5N1VSVTZVaGRHZXNqSVFsWWRTeHlsX3YtamFpWTVheTZDSjh2Qm41TXJFTnVFU2dsOGRXYmI2aDN1QkRzU0pSLTIyUTNqczc5SHdFdXE4Zw?hl=en-IN&gl=IN&ceid=IN%3Aen,Google News,Finance,2026-03-11 20:33:28
"Gold price today (March 11, 2026): How much 24K, 22K gold costs in Delhi, Chennai & more - check rates",https://news.google.com/read/CBMitgJBVV95cUxPSWh1aWE4MmFTMExBMFBEWi1DT3lZdC14Z2l0TzBFaTdicm40RVNGUlFKa1JNVDNodXZFaVRyLXNrQmxFQWlJWEtjckZjamJsVWZOcF9remFjMHV4U09FX1VrTzFRb1JaZzlqbEdqN0RIV2l6cmliT3hZYV9ZUjhFMVpqOVhVTGRURWw1bjBQQjNnbUlhOWJHS3hhaVRUS0NqWnM2T0dLQVhBV183Q0w4bTVPamg1ckFJenRNUDIzMzNaUXRVeTI2OHhTckdQb0oyTkdXdEZSdlY4RTRqMzgySk1XOC1iWXJYZVhMbUN6RDlYcTlqQklRbUpLWnctamhISEdyM1ZMajdjeDAteHhnWkppRjBXaUxoNmlmazBjdG9Cb1VjTmhPOWg2Z2ZWdFkyQ2Nrd2p3?hl=en-IN&gl=IN&ceid=IN%3Aen,Google News,Finance,2026-03-11 20:33:28
"Gold Rate Today, March 11: Check 18, 22 and 24 carat gold prices in Chennai, Mumbai, Delhi, Kolkata and other cities",https://news.google.com/read/CBMijwFBVV95cUxNZ1JQaHRtSUE4bDVZOVRKVWFPUjJER2M1TEo2YjVTVXVGM05EVmdfZjVVb2xDMlJ4Tzc0cDVwVGpjcmR2WDZSeHJnMmdJWkpCSmVHVVlSLVgtOS1wZThwUVJ0aGhiWkwyeEN0QlMyQkxzZXZINGpOWFdxRE55VmRDMU1VOHhiSnJYX1c4bDhvVQ?hl=en-IN&gl=IN&ceid=IN%3Aen,Google News,Finance,2026-03-11 20:33:28
Gold Prices: Bullion drops Rs 853 to Rs 1.62 lakh/10g in futures,https://news.google.com/read/CBMivwFBVV95cUxNMnBLa0FSYXg5ZFVUSEJmOG1ueHgtTnE4bDZjc1Bta2k5NmdNd05tUzRILUREQ2pubVpPbFMzZmFKUnNEQjFFbFZDc2JxbVR5amJQakhJOGxnUHNadFc2YVBjNF9WMHI1cW9KVFRXdjhWRnlvY2dkTWhMalBhNTUwc0lxRDh5MU5ZVHA5UGNfWmEyTmNENTdJaTZGaFdzU2dCVWk0djF2eVZBT0NheUEybTk2eEFxUHhDd0JORzJqcw?hl=en-IN&gl=IN&ceid=IN%3Aen,Google News,Finance,2026-03-11 20:33:28
Meta Acquires Moltbook: Social Media Platform For AI Agents,https://news.google.com/read/CBMirwFBVV95cUxNLTlZbnc5ZGk4QlhsUE8tSHRzamdaQnFESU1YWEs2Sm9HRGRQcERqV19WQkpsMWNPZGdjbGVBRmxZRDhpdllBVm05dWFiWFFqTy1JVFEyYnRrSXhHR05fVy1rRUM3SmMwNTNyajNRcVdKSVNqemJvLS1oZUItUU9Sbm5CM1RrR2ZwR0tJT183OTdBc1RCLTJJd2w4eXFXSFU5YTUzeHVLaFVKTGdXeWIw?hl=en-IN&gl=IN&ceid=IN%3Aen,Google News,Finance,2026-03-11 20:33:28
Meta buys 'social media network for AI' Moltbook,https://news.google.com/read/CBMiWkFVX3lxTFBnTHZlOHJGOEtKOFdSdFc4dzFkTkxOME5hYTk5Q3RKNjhBRVBRY3FFWFptd09Fal9nLWVvZmJPZWJiS0VWZV9CY2tfVC1LcVhYR2dQeTNzbExMdw?hl=en-IN&gl=IN&ceid=IN%3Aen,Google News,Finance,2026-03-11 20:33:28
"Exclusive: Meta acquires Moltbook, the social network for AI agents",https://news.google.com/read/CBMiggFBVV95cUxPMlhhVWtkM0UyVmFiRF9TdFM3UlRQNlBXeFg4RjRHemJnOGVjUWpDZHN2a2NHR25uS1RIMVlVMTBLZjIzRFRUNFJjSGJpazU2TlhtWGxPVFhCUV9SakJnWmdfOU52MkZzYmZ2al9YUlR2WTVMZWdpbTc3bGZURWYzUGRB?hl=en-IN&gl=IN&ceid=IN%3Aen,Google News,Finance,2026-03-11 20:33:28
Meta just bought the social network for AI bots everyone’s been talking about,https://news.google.com/read/CBMidkFVX3lxTE9mN3A5Q3pSUHFZa2tkcEhhb19heTlONGVVUjFNUEFHMmk4Um10RDVPTUlxQkdzOTNNNFU1TTN1RkFxWElzR2stUFI1bm1fbElTN05TSzAzQU1Uak1pcWhMdkNPcGplS0Y5VC1IZFR2ZTQxVWJuSXc?hl=en-IN&gl=IN&ceid=IN%3Aen,Google News,Finance,2026-03-11 20:33:28
"Gold eases as firmer dollar, lingering inflation concerns weigh",https://news.google.com/read/CBMiqgFBVV95cUxOaGROVUM2T044Mk53SllTWHBIWjVsbnhLU0pRMGNaMU9BYkVvN3otN2RCVFBqSnVIcnphM2RGaEZ3RWhzdHVWUHQ4MkdoOGtTLWZSSHNIcFY5RC1sSHdRUVFlemhmZlRtb1lHai1tVWtPVS1UZW1ELWlLbDE0aENuS3VBa1doTllYMnRkX3BVamJva1JjY2ttUWlLUEdQczlJdGZvbTFMeWh0QQ?hl=en-IN&gl=IN&ceid=IN%3Aen,Google News,Finance,2026-03-11 20:33:28
"Gold, Silver Prices Hold Firm Amid Iran War: Check Rates In Your City",https://news.google.com/read/CBMizgFBVV95cUxQMmFtUHNVQ0xicGpBeks0TFpoaE5QZ2ZKU3AxcGNVVnJ4MEIwLVZUcnBGWnJlSGJMeGN3bzk1OUlpNUZIYU5veEhQNHNiMGJEOFFQdy1iT00tcGdubkFoNWxzVEx2RW9QcDIxVzVWb3dONktKQ1BXR3l3dHFXenhSVHJ0ZFp1cExwOVQyYkx0NUhtd1dKbnBQR20xYURyVi11T0FrcU0yQVp0MlUxRXFsa2dOZmxLcXBzcVYwd2dybVp5Z29YMHBKb2hUZ3l0QdIB1gFBVV95cUxOSmRLZlVVTTdUamFyZnJ4S25ScTdMUVliWGxMZmo4MnJDVmk4WlI1d0ZxVnplWS1HU3lUUzViS0c3NTNJZEdFQnZqYk1RbnFscVpaXzZtTE5kVTh6R3U3bW5zZUQyYXNiUXdudXV0VjBaNHNybHNLdkFIZDNfN1U3ajdwNWV4UFVENWRSZU04akJlX2xfdmdZOFlLWGZ2WHI2UEdtRWszbm9pbVRfaGM4QjgySkNsMEJTYUdYS2xic3llbUtUUThIYUYyaG9DdVlLQmhBY2J3?hl=en-IN&gl=IN&ceid=IN%3Aen,Google News,Finance,2026-03-11 20:33:28
Gold Tests Resistance as Investors Position Ahead of US CPI Inflation Data,https://news.google.com/read/CBMiugFBVV95cUxQSmJEUmpnb0ROaDBoZXk1OUF3M2dVT2NoODVLdHJlR0dXUXdRRGc4ektoVFZ2LTJtLVVoQlhwMzI0bUk0R0VqYlJJeTg2d1JEMzZsMk5ibUdwdElWNnZLZU1CQnNQb3cxSUpZWHVmN29iYTczbVRPMjQzVm50ME13QmZtMEFhS3BhRFNndGxjS3Rjb1VLYjNnNXkzbWpDVnlxR2xXbUhFcFYwSEpwWlBsZDJScUhLVlR3Y2c?hl=en-IN&gl=IN&ceid=IN%3Aen,Google News,Finance,2026-03-11 20:33:28
"Gold, silver price prediction today (March 11, 2026): Where are gold, silver headed in the near-term amid US-Iran war tensions?",https://news.google.com/read/CBMiywJBVV95cUxQQVhKaUwxUUZUZDFETHVhRnluNG5mQVBmOWp6bzRvSnF0dFZHcEhBUzZiNVlhNXFnTHA1d2ZDUUpJX19IQTlBQ0JFQmlVMWVnWnNSdmVkLUZRV1ZKb1FUeHRfVEpMeHVZeUFTYnBVdTQyc2ZJZ2ptcS1wZzdwVy1NYWtvWFpBc1pqQ3hXNnpzN1lBZm14akJIUXVEZWtweVg2OHVqM3pHbU5VeFMxamFGWVN0V29iQ3Y1QnZYQzh1RXVkcFR4T1BtQlh6OEN5NUkzRkFISkZEUXR1M2RoWGo2S3FON0p3eXp5aGdtR3BfQ0dkOUMwTFpMT1hpWTlNa0Voazk4YWMyeWpQemtBMjBCZWs1RWVWR0F6Vk5VMGh3Zi1MRlQzbXZNYVZJSnNyU0o5a01DZk0yNDcwWVJPcHNRV0FUcDNSNmFhSC0w?hl=en-IN&gl=IN&ceid=IN%3Aen,Google News,Finance,2026-03-11 20:33:28
Reports of my death are greatly exaggerated! Why Nuvama is screaming buy on all top 10 IT stocks,https://news.google.com/read/CBMi_gFBVV95cUxQaDhmUG1TWERNbTdLYTd1RTZGSjlaanBPUG0zb1pPSTBoVU5EZTl3QUNNLTdnenpUTWtmb0cwNy1BRGxHWU9xWEFDQ1RtYjRhXzlBdmdPcDhMS05zSllFRXZ5bnVfWVB2V1h5b2FRdlJ3M2lIOVBYNWZzZ1c1eEFJUmkwNEJqZVZJQTNfeVhxSk9RZ2Q0c1J0RE9zUXc3eld3aXJhVHZqVEQwVlpZalppRnk5VmxzMktrSklyd01kR1pFSG1DSTIyZHVmT1VfbXNJOEhiQzRzaXIzTWcxNVB0cUlVbXdTNkw3R3BfS3haTEFnQld0Ym4wc1pzU0V1dw?hl=en-IN&gl=IN&ceid=IN%3Aen,Google News,Finance,2026-03-11 20:33:28
Why has AI spooked the Indian IT sector?,https://news.google.com/read/CBMiiwFBVV95cUxOc0xGNzRTRWthNC1KQk04eHJBWUw0ZWdfQ3haanZYRWNlY0lyTVFkYVFlZDVqLUdwZzBvSWlyR1FGVVVNMGF4STlxaC16cnNpVVEtUnNDVkJaUGlKM0dXdHdoSGpjdlFMZEJrTm5sTGlESFFjOHVMT1c4YUFoNTZVenJqakFmWW9ubThJ?hl=en-IN&gl=IN&ceid=IN%3Aen,Google News,Finance,2026-03-11 20:33:28
"Nuvama is bullish on all top-ten IT services stocks, sees up to 84% upside: Here's why",https://news.google.com/read/CBMi4gFBVV95cUxOVjFFMXFWVks4RklOaDU4OFRCSmh4cnBXWU5FTGVVMXJJLXBYa1BSZFZCTzJpNzJHeTVKOXZMMWd3RGlQREtPT0xucmhvN1FiYUZUWlE5XzVDWWJhRGk5UjJaYVBGSUM4S0hKWTFVUWcyTmJ2SnNyT3NXR2xMMU9OSkhQajVoT2VRdlo4YzcySlhTX0hZa2VwQ3NXNy03aGFFY1hMMzhUZ1dxQ1ZpQ1RkZWtyNS1SQjc0cHRQWDJ2ck1JMzF3UHh2Z0t3ekRkSV80Vk9HRDROdDNON2xaa3dzNFh30gHnAUFVX3lxTFBvRmJtUm1Sd2h1U0pMUUxldG9TRFlwWWlXdWV3ZzdWV195SG11VU92LTZ2SzBhVDFuc3Rxd1hESGZwTWxabTJlQlpUYU11UHFlYXNMNWtGR2ZSMF91Rmx3b2hES0dZYWM3SF9wVm5TS1lnZF9JT2VNN3dkTGVtSl9NTExxUFJEZXB1Y0VidjhTNkd0RHA1cWhFNDNMaGVkcHNQcWN2RS1hOVE2YjU4OGVuamtPSmRlZ29wajltcTIwUEZ3aXNHX1M3UFJ0bzRnMURBZ2N6VHhweEdHMGdwYWdWVG51Ykd4VQ?hl=en-IN&gl=IN&ceid=IN%3Aen,Google News,Finance,2026-03-11 20:33:28
IT firms staring at 3–3.5% revenue deflation: Kotak,https://news.google.com/read/CBMiwgFBVV95cUxQWThZSGxrV3BwYk05SkhmRVJrVWlUMDZvYXh0alBHX3VfYjdQMTc2WXRzb3VKRmlxdFRhZnItbXA0WUxUNE9GeW5nQ0t1ZFFZOU9MUWVyYUtqYWROQ0ZyZk9lVHotek11S1phTlV5UDlzLWd6SzdQZTZNNHVhWE1PekJDTEh5N2Y5Qm50cnVhd0ZIZGFuX1d3VWxPZ3ZyUUVTSl9zY1V3SlFoVHR3MGwwYWpTd3RIZHFxQzVhUjJFVUlxQdIBxwFBVV95cUxNWG5aYjlhOWFCTnI0aEQ5aUpxcFBrR3FkM25BOTloUkxnXzJadFd4UDNMeUd4dktBYm5INndxWGxaUmJVZzZ1djFQdWhuV09DNGtGRnhHYllrd2RyalgwcTZ6WXh5bjJ5Zk80bTZDRGUyVWw5RTE2TEZsbGtHdGZuYzlLYjBxeExkMXAxTUZlOTROVE1lalpnaUh0NWVpLUk2VFNsblMyM3FraThuNzhKQ2pPSFRPZlB3aDhqMHRETFRuV2stWVhF?hl=en-IN&gl=IN&ceid=IN%3Aen,Google News,Finance,2026-03-11 20:33:28
Instagram down: Thousands report issues with messages amid widespread outage; ‘cooked’ | Hindustan Times,https://news.google.com/read/CBMi6AFBVV95cUxNWkF2R0daZVp2YmtLdVpUNFR4ZnQ3aFpld1VKYXZaV0cxWThsY1NxbGdWejVxdUt1SkFHNHhwSU9xNEFRci03V0xVRm9feExxcEl0U1BxVVdQSzZrWW00V3NXQUtWdHZ6NTdYZmExb2JRdkx1OHQ3LW1iTFBQRDJDTG1zLUE5U3NqWGI4UHkyajdyTkMtNzJoZWtlUG5rb25GUFlYNzVpLWF3UC1IbnVwYnRlb3YxeDJFbklsQWRtakxqWFZOVHhJQVJ6cVcyempaMTVvMjljWThvZVRVUWVpZzI2N1M2WVlK0gHuAUFVX3lxTE43OG5uUGZlMDRNQ3ZicHNLYXMzamk4XzB3aC16dzJrRW83TlNsc3lMZlZJRWJhU2Y5UktVWWhfbmRPbjd0Z0FNcjRwemtocXQtc0phSGhiczhFS3hCNlh0ZlVJRVpjMFU5Y0poRXh0em9FTHlYdDVNbEI0N09mdy1vSjBVUGRwd0RDOVlRXzNLRFR0QXJWbUpfbGNBMTNBRkdva3ZqQUNnOHhOdElmMjdsNUgtWUd6cmU5STZ1SmlCS0k1Y29yUGN4aUtQSk4tNjZyMjF2b2JYWXU2SXpPSlhlQklrdFd2cDZEYzJXa3c?hl=en-IN&gl=IN&ceid=IN%3Aen,Google News,Finance,2026-03-11 20:33:28
Is Instagram down? Thousands Report Issues With App,https://news.google.com/read/CBMilgFBVV95cUxOWENfQ3JyVkc4T1l4WjhPcUFMTDJudDkybTl0dWQ0X3lJUGxvMWlTMkJFNkhYVWNyZkU5RjJSQUlISjMtM1BTcTRhSVNPQ3RxS2tmcWJPYTl3OExkMmZlR0xpdXJ6aGdYcDhUS3dpQXE2al82RTRmT0hlTWUxZURvS2lZb29LMThXWC1nRmVOZ0hSczFDZXfSAZ4BQVVfeXFMUHptV19rREpCTmduX2huMXItbzhSajZDaXl5c09tRUFMc0lBRHhaU3BGZ1c2MlZoZzhoZW5PNTg3UWRyNUVpMHVHWDlwMVFqeXNwSmJxOWJfZEt2WmZZWHhRT0ljQXVlb213Um1ueU5NS0puZEJVc0lDbVRsYXpTb21CNHVxeE00dzBMRXNMVzZ2bTFtOG5IamJRQmxDcFE?hl=en-IN&gl=IN&ceid=IN%3Aen,Google News,Finance,2026-03-11 20:33:28
Instagram Down—New Outage Leaves Users Unable To Post Or DM,https://news.google.com/read/CBMitwFBVV95cUxOLTNieWNZUlRnb29LLXFyQ1pDVVY4enJiLUNIaXc1Mi1LUnB2cTZ2ejFZaFhHV2RMa0ladG5TOU93dDk1dVRxdUJVU0xZaTIzemdBSWI5MTctNmZmc1FsVm5yLXVzQ3NNcm1yTUdfQ2R6ZEYyZXItQjFjdi1qM1NPbDdXOWJhdG1PM1MwUlA4R3BzTzZOeGNEa2V5Mk9lR0pmOEMteHRRS2ZSOHVwM2p3cGx5Tl9zYUU?hl=en-IN&gl=IN&ceid=IN%3Aen,Google News,Finance,2026-03-11 20:33:28
Instagram down: Users worldwide report outages on Meta-owned social media site,https://news.google.com/read/CBMijwFBVV95cUxOU1pldGlVRGpuTFFEY0NIa0xZellncVlLX0FUUm1jZ2QxMkRSUHUyLXNKVlJGZ3hUOTU2RVRZZUZKRDkwNmxpNGU2Y3dKUU5Rdy10U1VLTTVSNmxMU2ptZFhPcU8wU0c1R09rV0lxc3ZrZGdWcnp0RzRjWmJ6dXY2Nmc5S0xJQmJCZlBHd2lkOA?hl=en-IN&gl=IN&ceid=IN%3Aen,Google News,Finance,2026-03-11 20:33:28
"Renault Bridger vs Mahindra Vision S Design, Compared - Lifestyle Sub 4m SUVs",https://news.google.com/read/CBMiuAFBVV95cUxPMndva0NWLTcyS0djZVEwWUJDbnlGZHVUMUgxU3BvYmRyR0ZLRU5ZLWFMRkRWOXBxTGZHeC05dXNMZVV1NktSYS0taVJiTTM5UDU1aGMyXy1wN1ZwOTZ0NlJRdkNUR0ZZMUpQSkEzdENnQXc4c1AyNWZlVlZ2ek8zeS1FeUEzUi01MERlRmMzUVZLQzBUR1lMVFRvN1RkTWhnd2RSVFhoRnVVTlJJNTQxeWxrQWZFY1M20gG4AUFVX3lxTE8yd29rQ1YtNzJLR2NlUTBZQkNueUZkdVQxSDFTcG9iZHJHRktFTlktYUxGRFY5cHFMZkd4LTl1c0xlVXU2S1JhLS1pUmJNMzlQNTVoYzJfLXA3VnA5NnQ2UlF2Q1RHRlkxSlBKQTN0Q2dBdzhzUDI1ZmVWVnZ6TzN5LUV5QTNSLTUwRGVGYzNRVktDMFRHWUxUVG83VGRNaGd3ZFJUWGhGdVVOUkk1NDF5bGtBZkVjUzY?hl=en-IN&gl=IN&ceid=IN%3Aen,Google News,Finance,2026-03-11 20:33:28
Renault Bridger Concept Vs Mahindra Vision S: Design Differences Explained,https://news.google.com/read/CBMiwAFBVV95cUxPVEd5N0tCZWI4NHVobmR1VF9DOHZBbWVDS2oxSmI0RFhQM2JqbXVjOU1iYndlQWcyQVl1dk8wWTBpU3RMcjhFYUtNaGgxd0tLNjVQejVvN0Q2VXRmbVZ3NXZvTkphUGJCNUs0Y0RNWTJWTlZnc0JqTjJzNTFFT3RqY3pINkwyYy1JTnRpT0VCaTNNRTJfUk5DVXRmR1pxTHh1RUtIYldIRG90Z1FmQzFxRmJCSWZ4aF9UdlZYcmJfSXrSAcgBQVVfeXFMTnhzNmdkSEE3dmEyZVVlWnhnVjZXQnE0enpickFhYXJlQTgwOUZLOTZ4cDlncmM5T2JONVpWWkpWenVGaFRzS1JIQVNySHRlbHJaZ2JWZE93RHlfdDl0QWFCNWx2WTNBM1N6VnRiT1p6djVEdlZWX2hGblZfaWtkYlBvTV84MWdlVnZKcVN6OXZQQ2tHS2NLUFpiNUhEU0ZJb3JJUjhONVozdHhiZEFwTHl1UnFDRTFSODVfRkVzRFpzcDVOVmZsaXA?hl=en-IN&gl=IN&ceid=IN%3Aen,Google News,Finance,2026-03-11 20:33:28
Why Renault’s Upcoming Bridger Could Shake Up the Compact SUV Segment,https://news.google.com/read/CBMiugFBVV95cUxPaEh3QjBDcS1ITGZ4OHhDaHBBTkRYX0NINklEVFgzcHduYl9SQkJ5cDJjSzJjX0E4VnBFX2RIX3ZpellGd1RhczJoaWRUaVYzMWxYeG9Nb2VRM0ZjY09MMF9oR2dEeE54STA4LWJRbW9oMHg3M25CclV5SGVwT2cyNlg0UzdTTVBGWWN2V1MtV2JHci1vWThESFktTGh4bThzTVhyaERqZmVkZWd5dnpjOU1mNjZfMk1PNmfSAb8BQVVfeXFMUGpnUkliWGdhV0swZDZBQ3B2bDJmVHlvWUNMa1dHbjhnWVd0dUt2bFQ5bVk1TFY0ZDNWOXViaHhmT2JDdHJBMnBoNzN5TjJfbGtaS2F5enktU1RZZ2c5ZFhBS3pid0NuV2pQRDZTNmZ4MTNnWlJSbmlPWnBpam5JQlJLdjZ4dmN3SG1xeTZUWU5VaUVScGhjbGZMdFhxaU9OSmRPa0ZqTVlTbm1GbVRqbUs4OWt2T3FFNTJGM3NYQjg?hl=en-IN&gl=IN&ceid=IN%3Aen,Google News,Finance,2026-03-11 20:33:28
Renault Targeting Mass-market Segments with 4 New Models by 2030,https://news.google.com/read/CBMimgFBVV95cUxNdDNXYW9NZ2hxcGY5dWI0Qm0zMU1kbjVmLXVYNllzLW1iU0hzYVp4S0psdHpxSm1zNzNaNVZpVU44Vk5vU3lVMUpCR1FFbkRGVnBmemhCdnhkNmNUSzZOVTJuRWZ6VkVQTzJXaHhGbVNtMF81b2pJR0RTRUJMTGtGbFlsRWc2WWxVR1ZNV0JwRkQtUXkyWWM2V2F3?hl=en-IN&gl=IN&ceid=IN%3Aen,Google News,Finance,2026-03-11 20:33:28
China buys over 80% of Iran’s oil but isn’t alarmed by oil crisis: How it prepared for a Hormuz shock...,https://news.google.com/read/CBMi_wFBVV95cUxNME9VaXBGb3ppbEoxUzY0SWh1Ul82RDNxWkpXODdTRkFEUzJ4cVhlU0hVT2JGR1h3TzJaaUVHcUY4bHNqVXdsUUo3V3FjR1hQWnlWbVp2bTFlLVYwZmNjUmx0SEFRVHJ3VUZtNFQ1UEpRQkE1RFc0d0Fhc0dBTUZWdW5GYUgxcU1nZTkweXJzS2pRTlFKNFpyUkxRRGZEU2lfRzQwZ1dESXV1OE9UbGkwNG9CbTdQUnZuOFlqUXp0YS15dzg4c0VWTEF5NHNCVlZtNUhNLUdRVVJycU5mNFk1dGFMcTk0d0lxem14OUNwVE1RNFRscVZ2VUp2S3ZtWGfSAYQCQVVfeXFMTzRLbDdXc195T2VJT1ZPRXZOcUNaNU0wa3pPOFdVWUlsTkdJNy1GaDR3bWVYQy1IQjVjQl8wTzVSX1R3TzNLSnEtRVM3aFg1TDNycnBnWWRjbmNaQ3NyN3ZVdXROYlR1dkRZb3JYeDFidnJjc0tJbnFjQzlmS0NGMnRSOGhzWUNDVzRMbEdiQVBfMXZtQjM4TmFZalV5SkpmbkdFS04zcDhtZW5jLVp5SXNXRTFWMnNJcWRFaWhMZnZBaElqdG1aYmpxLW5Ob0tHSG5tUmJUNlJUVmUzX1laeGRxdDNsOWZCTzE5YlB4VG9KZ3RZUXBsV0s3TVVjeDBIZXhWN1Q?hl=en-IN&gl=IN&ceid=IN%3Aen,Google News,Finance,2026-03-11 20:33:28
China Has Spent Years Preparing for the Iran Oil Crisis,https://news.google.com/read/CBMilAFBVV95cUxOWlZMaktWcG91UUJCYmhJME5ESmZ5cUdfeUpLSTROZ0s4VkFzVDA5ZVVFLWVRQ0lhRDY1Z2dCbUlPRFdpOHhjNk4zZmxKb3ktczJRWGcxckRuOWhwN053S2t2YUhyOERSZWdxQi1hQXdjVldCZWFBMjUxaFIyMkVFLXU5TEkyZjA0N3FuNFpFQ2hGNC1t?hl=en-IN&gl=IN&ceid=IN%3Aen,Google News,Finance,2026-03-11 20:33:28
China’s Energy Security Push Pays Off as War Roils Asia Refiners,https://news.google.com/read/CBMitgFBVV95cUxPUkxyaHNCNW41aTI2cDRySjMtb2pnZ2hCYkdGV0JUWjU2UlRpcWVLcENFTnBENWl6WkIwWkphWW51Ry1mY2pLVE45TkhpZXh5NmNLRk5LUllCWG5ZLXZJQUp3NW1iakNseE5acHduRjNQbmwtNmRNYmRMc18wT3JFQjZqeXVxclc0dlR1UEljcWFDWm5uLWI4Qmd5QXF5MUs0ZkRVemJnSHl6QTQ1VjVDMkFUYjVaZw?hl=en-IN&gl=IN&ceid=IN%3Aen,Google News,Finance,2026-03-11 20:33:28
China Boosted Oil Imports Nearly 16% in Early 2026,https://news.google.com/read/CBMiqAFBVV95cUxOZlBGbmR1Ulh3UEVqdVZfWjFPYXVfNG9aWjNfMkVwaXpWYUkxNFh4YkpPc3c3QXptbkVhajVjazlqaVRoQ3kxYU4yY3VXSmw5eElJSlRRazNWR3NUc1RIQ2RVdkRSM3c3U25qSVBLTEp3b1hMVGRZZFZQVDFjSVNYb0J5VTREcFBLVkxvTFZJQk92cE13UjFWNml5S1NJRl9KTHg4WVp2czPSAa4BQVVfeXFMUC1RRmZRV3NfU01YSWFxbTJqdUZlazU3TnBaTFRFOV81UU9NVktsdnQyMXU2bW9EeF9mUElyWS00a0tkYTU4S1JZLUNITDVuV3NIbWd3X1BvVTNZbk5zeVMzdVBoLW1ldmxzRjZtdERnZ2FjTDRqMlpvVUxXOXdpZmd6cjVWSjBLMVdmU3hzU2p1WkJSdk5kSkZYZFVHeTdDcmp4cFBKSDNJWXNvNzBB?hl=en-IN&gl=IN&ceid=IN%3Aen,Google News,Finance,2026-03-11 20:33:28
